ticker,origem,grupo,setor,investment,investment_base,consistencia,basileia,quality,value,safety,dividend,rank_invest,oportunidade_grafica,criterios_ok,criterios_aplicaveis,passa_checklist,mais_5a_bolsa,sem_prejuizo_anual,lucro_20t,div_ge5_5a,roe_ge_10,divida_menor_patrim,cresc_receita_5a,cresc_lucro_5a,n_ok,n_aplic,roe_roic_ge_selic,roe_ge_setor,roic_ge_setor,margem_ge_15,cagr_ge_setor,divida_ok,marketcap_ok,insider_ok,alavancagem_ok,div_liq_patrim,nde_ok,market_cap,pl,pvp,dy,dy_teto,roe,roic,mrg_liq,div_liq_ebitda,liq_corr,div_patrim,peg,close,teto_bazin,teto_gordon,teto_dcf,teto_graham,teto_lynch,teto_medio,teto_mediana,teto_ajustado,teto_n_metodos,teto_upside_pct,teto_upside_media_pct,prox_resultado,ex_dividendo,ex_tipo,tese_ia,strategy,trend,breakout_level,pct_to_level,dist_52w_high_pct,fund_ok,breakout,aprovado,note
ABCB2,SMALL11,SMALL11,,87.66,85.49,100.0,,78.17,98.67,,,1,Não,4,4,True,,,,,True,,True,,2,2,True,True,,True,True,,,,True,,True,,,0.0,,,14.9,,39.67,,,,,,,,,,,,,,0.0,,,n/d,n/d,,,,,,,,True,False,False,histórico insuficiente
VTRU3,SMALL11,SMALL11,Consumer Defensive,79.04,75.34,100.0,,88.84,85.78,65.88,7.38,2,Não,7,7,True,,True,,,True,True,True,True,5,5,True,True,True,True,True,,True,True,True,,True,2070765824.0,1.71,0.51,0.2,0.21,29.95,14.79,48.63,,2.13,0.76,0.11,12.710000038146973,0.19,0.35,98.48,64.56,113.02,92.02,98.48,88.64,3.0,597.37,624.0,n/d,2026-05-04,última,,,Em Baixa,13.119999885559082,-3.124998864240758,-26.73465385987328,True,False,False,sem sinal (Em Baixa; sem novo topo (-3.1%))
VULC3,SMALL11,SMALL11,Consumer Cyclical,77.8,79.77,66.66666666666667,,88.41,53.22,87.1,92.62,3,Pivô de alta,5,7,False,,True,,False,True,True,False,True,4,6,True,True,True,True,False,,True,False,True,,True,4410145280.0,4.8,1.68,28.86,15.46,35.06,17.83,24.89,,2.96,0.37,0.53,14.039999961853027,15.5,28.76,38.76,23.45,71.67,35.63,28.76,25.88,5.0,84.34,153.76,n/d,2025-12-23,última,"A Vulcabras (VULC3) apresenta uma notável combinação de alta qualidade operacional e valuation atrativo, evidenciada por um ROE de 35,1% e um ROIC de 17,8% que se posicionam muito acima dos pares do setor de consumo cíclico (8,4% e 11,4%, respectivamente), sugerindo uma eficiência superior na alocação de capital. Essa rentabilidade robusta convive com múltiplos de preço historicamente baixos, como o P/L de 4,8 e o P/VP de 1,68, indicando que o mercado pode estar subavaliando a capacidade de geração de valor da companhia. A saúde financeira da empresa é sólida, com um endividamento sobre o patrimônio de apenas 0,37 e uma folgada liquidez corrente de 2,96, o que garante que o expressivo dividend yield de 28,86% seja sustentável e coerente com a forte geração de lucro e a baixa alavancagem. No quesito expansão, o crescimento de receita nos últimos cinco anos registrou uma taxa anual composta de 11,2%, superando amplamente a estagnação do setor de 0,0%, o que reforça o perfil de crescimento e eficiência da empresa. O checklist fundamentalista chancela essa solidez ao aprovar 6 dos 7 critérios avaliados, falhando apenas na questão de vendas recentes por parte de insiders. Sob a ótica do valuation, as estimativas de preço-teto revelam uma dispersão acentuada entre os métodos, variando desde os conservadores R$ 15,50 de Bazin até os otimistas R$ 71,67 de Lynch, mas convergindo para um preço-teto ajustado com margem de segurança de R$ 25,88, o que sinaliza um expressivo potencial de valorização de 84,3% frente ao preço atual de R$ 14,04. Em termos gráficos, o papel exibe uma tendência lateral no curto prazo, embora já configure um pivô de alta que pode indicar reversão positiva. Como balanço final, os prós residem na excepcional rentabilidade, no endividamento sob controle, no dividendo altamente generoso e no forte desconto patrimonial, enquanto os contras limitam-se ao comportamento recente dos insiders e à volatilidade intrínseca ao setor de consumo cíclico.",Pivô de alta,Lateral,14.5,-3.1724140561860237,-30.597246958934466,True,True,True,Pivô de alta
JHSF3,SMALL11,SMALL11,Real Estate,76.27,75.03,83.33333333333333,,84.71,71.37,61.44,67.79,4,Não,6,7,False,,True,,False,True,True,True,True,5,6,True,True,True,True,True,,True,False,True,,True,7193823744.0,3.85,1.04,6.24,7.77,27.12,12.14,53.01,,1.92,0.74,0.26,10.789999961853027,5.99,11.11,37.13,25.58,63.83,34.41,31.36,28.22,4.0,161.54,218.93,n/d,2026-08-31,próxima,,,Lateral,11.33961009979248,-4.846816893197337,-23.765499373888275,True,False,False,sem sinal (Lateral; sem novo topo (-4.8%))
POMO3,SMALL11,SMALL11,Industrials,75.16,73.72,83.33333333333333,,81.42,67.04,58.31,86.58,5,Não,4,7,False,,True,,False,True,True,True,True,5,6,True,True,True,False,False,,True,False,True,,True,5226295296.0,4.38,1.24,22.43,11.85,28.32,18.39,13.81,,1.97,0.84,0.32,4.210000038146973,3.56,6.61,12.74,8.57,24.48,7.87,7.59,6.83,4.0,62.24,86.92,n/d,2026-04-27,última,,,Em Baixa,4.989999771118164,-15.631257890747518,-37.5452682521373,True,False,False,sem sinal (Em Baixa; sem novo topo (-15.6%))
MDNE3,SMALL11,SMALL11,Real Estate,75.07,73.61,83.33333333333333,,73.47,65.25,82.93,76.51,6,Não,5,7,False,,True,,False,True,True,True,True,5,6,True,True,False,True,True,,True,False,True,,True,2582462720.0,5.12,1.23,15.58,9.2,23.93,11.1,19.89,,2.78,0.43,0.4,24.899999618530273,16.37,30.36,64.44,47.07,106.3,62.04,55.75,50.18,4.0,101.51,149.16,n/d,2026-01-02,última,,,Em Baixa,25.399999618530273,-1.968503966571833,-27.362892341850298,True,False,False,sem sinal (Em Baixa; sem novo topo (-2.0%))
POMO4,BOVA11+SMALL11,BOVA11,Industrials,73.9,72.24,83.33333333333333,,81.42,64.6,58.31,77.85,7,Não,4,7,False,,True,,False,True,True,True,True,5,6,True,True,True,False,False,,True,False,True,,True,5611129344.0,4.71,1.33,20.89,9.47,28.32,18.39,13.81,,1.97,0.84,0.31,4.519999980926514,3.06,5.67,12.72,8.57,23.48,8.98,8.57,7.71,3.0,70.57,98.77,n/d,2026-04-27,última,,,Em Baixa,5.380000114440918,-15.98513225317606,-43.15146077270641,True,False,False,sem sinal (Em Baixa; sem novo topo (-16.0%))
MILS3,SMALL11,SMALL11,Industrials,72.8,70.94,83.33333333333333,,86.2,51.26,70.16,53.02,8,Não,5,7,False,,True,,False,True,True,True,True,5,6,True,True,True,True,False,,True,False,True,,True,3554190848.0,8.14,1.94,6.81,5.73,23.81,20.65,23.53,,2.98,0.99,0.64,15.600000381469727,6.39,11.85,25.39,18.62,35.32,22.8,22.01,19.81,4.0,26.96,46.13,n/d,2026-04-22,última,,,Lateral,15.8100004196167,-1.3282734508116123,-2.132993775809111,True,False,False,sem sinal (Lateral; sem novo topo (-1.3%))
LAVV3,SMALL11,SMALL11,Real Estate,72.53,70.63,83.33333333333333,,66.75,53.18,90.84,91.28,9,Não,4,7,False,,True,,True,True,True,False,True,5,6,True,True,False,True,False,,True,False,True,,True,1844900224.0,5.11,1.27,27.26,13.99,24.9,8.69,19.91,,3.93,0.36,0.72,9.4399995803833,9.43,17.5,24.48,17.58,38.96,21.59,17.58,15.82,5.0,67.58,128.7,n/d,2026-02-03,última,,,Em Baixa,11.0600004196167,-14.647384970800402,-50.26343620622118,True,False,False,sem sinal (Em Baixa; sem novo topo (-14.6%))
CURY3,BOVA11+SMALL11,BOVA11,Real Estate,71.64,69.58,83.33333333333333,,90.44,32.94,62.96,80.54,10,Não,6,7,False,,True,,False,True,True,True,True,5,6,True,True,True,True,True,,True,False,True,,True,9660371968.0,9.07,6.25,13.38,9.82,68.95,37.57,18.37,,1.94,0.71,1.21,31.360000610351562,22.0,40.82,45.81,19.76,59.97,37.67,40.82,36.73,5.0,17.14,20.12,n/d,2026-05-18,última,,,Em Baixa,32.029998779296875,-2.0917833108953343,-23.59754312876331,True,False,False,sem sinal (Em Baixa; sem novo topo (-2.1%))
TGMA3,SMALL11,SMALL11,Industrials,70.86,68.66,83.33333333333333,,79.11,32.4,83.87,81.88,11,Não,5,7,False,,True,,False,True,True,True,True,5,6,True,True,True,False,False,,True,True,True,,True,2207596544.0,8.7,2.22,10.84,10.07,25.55,27.01,10.14,,2.22,0.23,2.75,33.47999954223633,24.08,32.11,36.65,36.14,50.94,35.98,36.14,32.52,5.0,-2.86,7.47,n/d,2026-08-07,última,,,Em Alta,33.290000915527344,0.5707378236218696,-15.317907833418221,True,False,False,sem sinal (Em Alta; sem novo topo (+0.6%))
PETR4,BOVA11,BOVA11,Energy,70.35,73.94,50.0,,86.31,75.49,31.48,99.33,12,Não,5,7,False,,True,,False,True,True,False,False,3,6,True,True,True,True,False,,True,False,True,,True,558426685440.0,3.95,1.1,7.26,39.11,27.73,19.69,21.6,,0.74,0.83,,40.869998931884766,114.18,166.24,107.61,93.0,,120.26,110.89,99.8,4.0,144.2,194.24,n/d,2026-06-02,última,,,Em Alta,43.04999923706055,-5.063880008850452,-16.859804978609183,True,False,False,sem sinal (Em Alta; sem novo topo (-5.1%))
PLPL3,SMALL11,SMALL11,Real Estate,69.95,73.47,50.0,,81.55,74.98,60.59,59.06,13,Não,4,7,False,,True,,False,True,False,False,True,3,6,True,True,True,False,False,,True,False,True,,True,1424679296.0,4.26,1.34,7.02,6.32,31.56,29.38,9.85,,2.87,1.28,0.28,7.019999980926514,3.17,5.88,21.83,13.94,35.13,13.88,13.94,12.54,3.0,78.68,97.77,n/d,2025-12-30,última,,,Em Baixa,7.929999828338623,-11.475408160289447,-59.610219642270245,True,False,False,sem sinal (Em Baixa; sem novo topo (-11.5%))
RIAA3,SMALL11,SMALL11,Consumer Cyclical,69.84,70.4,66.66666666666667,,66.09,83.09,54.79,89.26,14,Não,4,7,False,,False,,False,True,True,True,True,4,6,True,True,False,False,True,,True,False,True,,True,3896009216.0,2.54,0.72,41.72,13.09,28.35,8.96,14.35,,1.61,0.68,0.17,7.760000228881836,7.26,13.46,40.48,27.22,85.82,27.05,27.22,24.5,3.0,215.68,248.62,2026-11-04,2026-07-01,última,,,Em Baixa,8.420000076293945,-7.83847792674377,-28.37008112858783,True,False,False,sem sinal (Em Baixa; sem novo topo (-7.8%))
LEVE3,SMALL11,SMALL11,Consumer Cyclical,69.49,67.04,83.33333333333333,,86.22,52.17,28.03,95.97,15,Não,6,7,False,,True,,True,True,False,True,True,5,6,True,True,True,False,True,,True,True,True,,True,4352157696.0,6.55,4.06,8.88,19.55,62.01,33.17,12.31,,1.37,1.44,0.19,32.11000061035156,44.84,83.17,64.96,29.54,147.07,73.91,64.96,58.46,5.0,82.06,130.19,n/d,2026-04-30,última,,,Lateral,32.47999954223633,-1.139159289099212,-11.322835067066405,True,False,False,sem sinal (Lateral; sem novo topo (-1.1%))
PETR3,BOVA11,BOVA11,Energy,69.43,72.86,50.0,,86.31,71.45,31.48,98.66,16,Não,5,7,False,,True,,False,True,True,False,False,3,6,True,True,True,True,False,,True,False,True,,True,588886179840.0,4.42,1.22,6.5,37.2,27.73,19.69,21.6,,0.74,0.83,,45.689998626708984,121.42,176.78,107.51,93.33,,124.76,114.46,103.01,4.0,125.46,173.05,2026-08-06,2026-06-02,última,,,Em Alta,48.70000076293945,-6.180702441633368,-16.33828883951265,True,False,False,sem sinal (Em Alta; sem novo topo (-6.2%))
INTB3,SMALL11,SMALL11,Industrials,69.12,66.61,83.33333333333333,,72.63,48.24,86.84,44.97,17,Não,5,7,False,,True,,False,True,True,True,True,5,6,True,True,True,False,False,,True,True,True,,True,4816547328.0,8.08,1.46,8.17,4.3,18.07,17.52,13.1,,2.64,0.26,0.69,14.720000267028809,4.52,8.39,24.14,20.33,29.31,20.54,22.23,20.01,4.0,35.94,39.56,n/d,2026-08-04,última,,,Lateral,15.130000114440918,-2.7098469551284587,-5.996863574759104,True,False,False,sem sinal (Lateral; sem novo topo (-2.7%))
VLID3,SMALL11,SMALL11,Industrials,68.93,69.33,66.66666666666667,,64.63,69.41,79.6,69.8,18,Não,3,7,False,,True,,False,True,True,False,True,4,6,True,False,True,False,False,,True,False,True,,True,1332479744.0,6.02,0.79,10.15,8.3,13.18,15.68,11.15,,2.3,0.41,0.91,17.030000686645508,10.1,18.73,37.48,37.04,42.13,33.85,37.26,33.54,4.0,96.92,98.75,2026-11-04,2026-08-12,próxima,,,Lateral,18.65999984741211,-8.73525816771462,-26.2084771073389,True,False,False,sem sinal (Lateral; sem novo topo (-8.7%))
VIVA3,BOVA11+SMALL11,BOVA11,Consumer Cyclical,68.85,66.29,83.33333333333333,,76.52,48.38,90.44,16.78,19,Não,6,7,False,,True,,False,True,True,True,True,5,6,True,True,True,True,True,,True,False,True,,True,5085970944.0,8.72,1.6,3.23,1.97,18.4,17.32,18.56,,4.19,0.38,0.58,21.6299991607666,3.04,5.64,32.87,27.47,42.09,34.14,32.87,29.58,3.0,36.75,57.85,n/d,2025-12-22,última,,,Em Baixa,23.350000381469727,-7.366172131063841,-39.73503176095192,True,False,False,sem sinal (Em Baixa; sem novo topo (-7.4%))
LREN3,BOVA11+SMALL11,BOVA11,Consumer Cyclical,68.57,65.96,83.33333333333333,,69.77,62.56,71.14,46.98,20,Não,6,7,False,,True,,False,True,True,True,True,5,6,True,True,True,False,True,,True,True,True,,True,11910299648.0,8.35,1.2,7.35,4.35,14.41,23.53,9.37,,1.78,0.28,0.91,12.390000343322754,3.85,7.15,19.66,18.57,20.07,19.43,19.66,17.69,3.0,42.81,56.84,2026-11-05,2026-06-24,última,,,Em Baixa,13.899999618530273,-10.863304436314658,-28.469941411042765,True,False,False,sem sinal (Em Baixa; sem novo topo (-10.9%))
GRND3,SMALL11,SMALL11,Consumer Cyclical,67.03,67.09,66.66666666666667,,63.19,50.6,81.72,96.64,21,Não,4,7,False,,True,,False,True,True,False,True,4,6,True,True,False,True,False,,True,False,True,,True,3211689472.0,5.54,1.0,43.19,19.55,18.04,7.81,24.95,,2.05,0.02,,3.559999942779541,4.97,7.24,6.68,7.17,,6.52,6.93,6.24,4.0,75.16,83.05,2026-11-05,2026-04-24,última,,,Em Baixa,3.8499999046325684,-7.532466728222009,-28.40221170542636,True,False,False,sem sinal (Em Baixa; sem novo topo (-7.5%))
ISAE4,BOVA11,BOVA11,Utilities,66.59,63.63,83.33333333333333,,61.21,50.83,80.0,73.83,22,Não,4,7,False,,True,,False,True,True,True,True,5,6,False,False,False,True,True,,True,True,True,,True,18537529344.0,6.56,0.83,6.6,8.9,12.71,9.63,26.39,,5.28,0.79,1.24,26.270000457763672,16.71,28.26,48.39,53.4,56.82,46.72,50.89,45.8,4.0,74.36,77.84,n/d,2026-04-20,última,,,Em Baixa,28.530000686645508,-7.921486766524022,-18.019236862253795,True,False,False,sem sinal (Em Baixa; sem novo topo (-7.9%))
MULT3,BOVA11+SMALL11,BOVA11,Real Estate,65.61,62.48,83.33333333333333,,87.53,35.68,52.08,37.58,23,Não,6,7,False,,True,,False,True,True,True,True,5,6,True,True,True,True,True,,True,False,True,,True,13646185472.0,10.29,2.11,4.04,3.71,20.52,18.7,43.42,,1.64,0.75,0.81,27.790000915527344,7.36,13.65,35.78,28.29,44.29,30.5,32.04,28.83,4.0,3.75,9.76,2026-10-29,2026-07-01,última,,,Em Baixa,29.219999313354492,-4.89390291386349,-21.226062647174448,True,False,False,sem sinal (Em Baixa; sem novo topo (-4.9%))
PSSA3,BOVA11,BOVA11,Financial Services,65.36,62.78,80.0,,76.67,43.03,,49.66,24,Não,4,6,False,,True,,False,True,,True,True,4,5,True,True,True,,False,,True,False,True,,True,32318830592.0,8.85,2.02,5.98,5.33,22.84,79.28,8.34,,,,0.73,50.41999816894531,19.21,35.63,75.49,56.56,99.09,43.44,35.63,32.06,3.0,-36.41,-13.84,2026-11-05,2026-06-23,última,,,Em Baixa,55.45000076293945,-9.071239900425743,-9.234925541984019,True,False,False,sem sinal (Em Baixa; sem novo topo (-9.1%))
CYRE3,BOVA11+SMALL11,BOVA11,Consumer Cyclical,65.01,64.72,66.66666666666667,,61.52,57.77,80.08,65.77,25,Não,4,7,False,,True,,False,True,True,False,True,4,6,True,True,False,True,False,,True,False,True,,True,7938736128.0,4.97,0.93,10.67,7.26,18.6,6.91,20.76,,3.78,0.75,0.42,21.670000076293945,11.24,20.86,57.77,47.81,83.49,52.48,52.79,47.51,4.0,119.25,142.19,2026-08-13,2025-12-10,última,,,Em Baixa,21.829999923706055,-0.7329356297356648,-39.83087347335578,True,False,False,sem sinal (Em Baixa; sem novo topo (-0.7%))
DIRR3,BOVA11+SMALL11,BOVA11,Real Estate,64.75,64.41,66.66666666666667,,73.0,38.99,65.43,87.25,26,Não,5,7,False,,True,,False,True,False,True,True,4,6,True,True,False,True,True,,True,False,True,,True,6021643776.0,7.19,2.83,13.39,12.12,39.35,10.1,18.16,,4.26,1.3,1.42,11.579999923706055,10.03,16.49,18.92,12.18,27.67,17.06,16.49,14.84,5.0,28.17,47.3,n/d,2025-12-17,última,,,Em Baixa,12.380000114440918,-6.46203702212963,-32.900199036552195,True,False,False,sem sinal (Em Baixa; sem novo topo (-6.5%))
KEPL3,SMALL11,SMALL11,Industrials,63.8,66.23,50.0,,67.72,47.73,72.5,93.29,27,Não,5,7,False,,True,,False,True,True,False,False,3,6,True,True,True,False,False,,True,True,True,,True,1058604224.0,7.43,1.39,7.08,16.53,18.67,13.9,10.19,,2.02,0.42,,6.110000133514404,7.21,10.5,8.55,9.02,,8.82,8.79,7.91,4.0,29.41,44.39,n/d,2025-12-16,última,,,Em Baixa,6.489999771118164,-5.855156409940665,-41.80952253795805,True,False,False,sem sinal (Em Baixa; sem novo topo (-5.9%))
ALPA4,SMALL11,SMALL11,Consumer Cyclical,63.62,63.09,66.66666666666667,,75.3,36.35,64.31,72.48,28,Não,5,7,False,,False,,False,True,True,True,True,4,6,True,True,True,False,True,,True,False,True,,True,9189610496.0,13.18,2.55,13.27,8.77,19.37,17.96,13.17,,1.73,0.41,0.3,13.529999732971191,8.48,15.72,13.6,11.07,30.8,15.93,13.6,12.24,5.0,-9.52,17.77,n/d,2025-12-17,última,,,Lateral,12.479999542236328,8.413463375389751,-16.58446174019582,True,False,False,sem sinal (Lateral; sem novo topo (+8.4%))
EVEN3,SMALL11,SMALL11,Real Estate,63.43,62.86,66.66666666666667,,44.95,72.12,85.41,75.17,29,Não,1,7,False,,True,,False,True,True,False,True,4,6,False,False,False,False,False,,True,False,True,,True,904719168.0,4.22,0.47,20.09,9.08,11.22,6.52,11.31,,4.53,0.65,0.61,4.559999942779541,2.96,5.49,14.32,15.36,17.29,15.66,15.36,13.82,3.0,203.13,243.31,n/d,2026-06-02,última,,,Em Baixa,5.110000133514404,-10.763212844704961,-46.548229326958726,True,False,False,sem sinal (Em Baixa; sem novo topo (-10.8%))
ITSA4,BOVA11,BOVA11,Industrials,63.3,59.77,83.33333333333333,,61.8,27.44,86.88,77.18,30,Não,4,7,False,,True,,False,True,True,True,True,5,6,True,True,False,True,False,,True,False,True,,True,148049100800.0,8.72,1.64,9.91,9.4,18.83,0.36,203.02,,2.38,0.13,2.56,13.210000038146973,8.87,12.11,14.78,16.57,19.39,14.34,14.78,13.3,5.0,0.68,8.57,n/d,2026-09-01,próxima,,,Lateral,13.880000114440918,-4.827089847044519,-12.227658489715232,True,False,False,sem sinal (Lateral; sem novo topo (-4.8%))
BRSR6,SMALL11,SMALL11,Financial Services,63.1,63.64,60.0,,49.13,82.21,,82.55,31,Não,2,6,False,,True,,False,True,,False,True,3,5,False,False,False,,False,,True,True,True,,True,5623398912.0,3.55,0.5,11.54,10.15,13.99,0.0,22.75,,,,0.4,13.75,9.97,18.5,51.32,48.95,73.98,14.24,14.24,12.81,2.0,-6.81,3.54,n/d,2026-06-15,última,,,Lateral,14.449999809265137,-4.844289401417889,-26.170418053541344,True,False,False,sem sinal (Lateral; sem novo topo (-4.8%))
ABCB4,SMALL11,SMALL11,Financial Services,62.67,59.61,80.0,,53.24,62.43,,81.21,32,Não,2,6,False,,True,,False,True,,True,True,4,5,True,False,False,,False,,True,False,True,,True,6063676416.0,6.01,0.84,11.08,10.04,14.05,0.0,39.67,,,,1.08,23.530000686645508,16.88,29.59,49.02,49.67,61.13,31.83,29.59,26.63,3.0,13.19,35.28,n/d,2026-06-30,última,,,Em Baixa,24.15999984741211,-2.607612436860518,-13.899053673174034,True,False,False,sem sinal (Em Baixa; sem novo topo (-2.6%))
TOTS3,BOVA11+SMALL11,BOVA11,Technology,62.42,58.73,83.33333333333333,,87.32,29.68,53.03,14.09,33,Não,6,7,False,,True,,False,True,True,True,True,5,6,True,True,True,True,True,,True,False,True,,True,18462611456.0,13.09,3.42,2.18,1.39,26.12,23.37,21.89,,1.84,0.92,0.87,32.209999084472656,3.19,5.92,32.6,22.83,40.32,31.92,32.6,29.34,3.0,-8.9,-0.9,2026-11-04,2026-06-16,última,,,Em Alta,32.5099983215332,-0.9227906876323688,-32.45081207696994,True,False,False,sem sinal (Em Alta; sem novo topo (-0.9%))
CEAB3,BOVA11+SMALL11,BOVA11,Consumer Cyclical,62.32,64.5,50.0,,61.95,77.67,55.11,61.74,34,Não,4,7,False,,False,,False,True,True,False,True,3,6,True,True,True,False,False,,True,False,True,,True,2754120448.0,5.03,0.74,5.68,6.49,14.79,14.93,7.02,,1.67,0.72,0.5,9.180000305175781,4.25,7.89,24.18,22.57,30.02,25.59,24.18,21.76,3.0,137.08,178.78,n/d,2025-12-26,última,,,Em Baixa,9.979999542236328,-8.01602478712421,-49.20898677565268,True,False,False,sem sinal (Em Baixa; sem novo topo (-8.0%))
TFCO4,SMALL11,SMALL11,Consumer Cyclical,62.28,61.51,66.66666666666667,,81.99,22.89,86.38,16.11,35,Não,5,7,False,,True,,False,True,True,False,True,4,6,True,True,True,False,True,,True,False,True,,True,2217177856.0,15.58,3.8,2.18,1.72,24.42,25.98,13.23,,2.83,0.3,1.04,14.609999656677246,1.8,3.33,12.43,9.01,15.68,12.37,12.43,11.18,3.0,-23.46,-15.33,n/d,2026-06-29,última,,,Em Baixa,15.010000228881836,-2.664893844804339,-19.627494000299695,True,False,False,sem sinal (Em Baixa; sem novo topo (-2.7%))
RECV3,BOVA11+SMALL11,BOVA11,Energy,61.77,63.85,50.0,,56.56,68.63,66.6,79.19,36,Pivô de alta,2,7,False,,True,,False,True,True,False,False,3,6,False,False,False,True,False,,True,False,True,,True,2997482496.0,6.01,0.68,13.34,9.76,11.26,10.15,17.93,,2.18,0.77,1.29,10.229999542236328,7.13,11.18,19.07,24.0,24.53,19.7,21.54,19.38,4.0,89.47,92.54,n/d,2026-05-19,última,"A Petrorecôncavo (RECV3) apresenta um cenário de valuation bastante descontado que contrasta diretamente com seus indicadores operacionais recentes, uma vez que seu múltiplo preço/lucro de 6,01 e a relação preço/valor patrimonial de 0,68 sugerem uma barganha de preço, embora o retorno sobre o patrimônio líquido de 11,3% (abaixo da média setorial de 13,8%) e o retorno sobre o capital investido de 10,2% (abaixo dos pares de 13,0%) revelem uma qualidade de rentabilidade inferior à do setor de energia. Essa rentabilidade mais modesta convive com uma estrutura de endividamento equilibrada, medida pela relação dívida/patrimônio de 0,77, e uma sólida liquidez corrente de 2,18, o que garante fôlego financeiro mesmo diante de uma expressiva contração histórica de receita, cujo crescimento anual composto nos últimos cinco anos foi negativo em 45,6%, posicionando-se muito abaixo da expansão média de 31,9% observada em seus pares. O expressivo dividendo distribuído, com um rendimento de 13,34%, mostra-se atraente, mas sua sustentabilidade futura exige cautela, dado que o checklist de critérios fundamentalistas revela fragilidades importantes ao atender apenas dois dos sete requisitos avaliados, falhando em superar a taxa Selic e a média do setor em termos de retornos, além de registrar vendas recentes por parte de iniciados. Sob a ótica do valuation, as estimativas de preço-teto apresentam uma dispersão acentuada entre os métodos analíticos, variando desde os conservadores R$ 7,13 pelo método de Bazin até os otimistas R$ 24,53 pelo modelo de Lynch, resultando em uma média de R$ 19,70 e um preço-teto ajustado com margem de segurança de R$ 19,38, o que projeta um expressivo potencial de valorização de 89,5% frente ao preço atual de R$ 10,23. Em um balanço final, o ativo traz como pontos positivos o seu valuation extremamente atrativo por múltiplos, a robusta liquidez de curto prazo, a margem líquida saudável de 17,93% e o elevado retorno via proventos, enquanto os fatores contrários residem no encolhimento severo de sua receita no longo prazo, na rentabilidade abaixo da média de seus pares e no fraco desempenho no checklist qualitativo de investimentos.",Pivô de alta,Em Alta,10.890000343322754,-6.060613225702127,-28.163128924980096,True,True,True,Pivô de alta
BBSE3,BOVA11,BOVA11,Financial Services,61.45,58.18,80.0,,68.46,27.51,,88.59,37,Não,4,6,False,,True,,True,True,,False,True,4,5,True,True,False,,False,,True,True,True,,True,74505117696.0,8.11,6.84,17.34,12.84,84.38,0.0,87.93,,,,,38.380001068115234,35.21,51.26,49.22,24.44,,45.23,49.22,44.3,3.0,15.41,17.85,2026-11-03,2026-08-07,última,,,Em Alta,40.51827621459961,-5.277310256634038,-5.852187480179005,True,False,False,sem sinal (Em Alta; sem novo topo (-5.3%))
EZTC3,SMALL11,SMALL11,Real Estate,61.31,60.36,66.66666666666667,,51.6,57.0,88.61,51.68,38,Não,2,7,False,,True,,False,True,True,False,True,4,6,False,False,False,True,False,,True,False,True,,True,2984383232.0,5.62,0.57,10.68,5.5,10.15,5.14,36.95,,3.06,0.34,0.8,10.760000228881836,4.22,7.84,25.37,28.52,23.95,25.95,25.37,22.83,3.0,112.19,141.14,2026-11-05,2026-08-14,próxima,,,Em Baixa,12.0600004196167,-10.77943735905924,-35.14712749925304,True,False,False,sem sinal (Em Baixa; sem novo topo (-10.8%))
BLAU3,SMALL11,SMALL11,Healthcare,60.85,62.76,50.0,,60.49,56.22,87.97,38.93,39,Não,3,7,False,,True,,False,True,True,False,False,3,6,False,True,False,False,False,,True,True,True,,True,2016498560.0,8.35,0.89,8.51,3.81,10.63,12.15,13.82,,2.66,0.25,1.15,8.729999542236328,2.38,4.41,13.85,15.19,11.56,13.54,13.85,12.47,3.0,42.81,55.04,n/d,2026-06-26,última,,,Em Baixa,9.680000305175781,-9.81405715898066,-38.87866417350647,True,False,False,sem sinal (Em Baixa; sem novo topo (-9.8%))
CXSE3,BOVA11,BOVA11,Financial Services,60.72,53.78,100.0,,64.67,24.29,,78.52,40,Não,5,6,False,,True,,True,True,,True,True,5,5,True,True,False,,True,,True,True,True,,True,57959997440.0,13.2,4.21,7.0,9.63,31.89,-1.14,75.12,,,,1.39,19.31999969482422,13.28,24.64,19.39,12.29,27.99,19.11,19.39,17.45,3.0,-9.66,-1.1,2026-08-10,2026-08-04,última,,,Em Baixa,22.04433250427246,-12.3584273142325,-12.747254873216418,True,False,False,sem sinal (Em Baixa; sem novo topo (-12.4%))
BBDC3,BOVA11,BOVA11,Financial Services,60.17,56.67,80.0,,51.13,60.59,,71.81,41,Não,3,6,False,,True,,False,True,,True,True,4,5,True,False,False,,True,,True,False,True,,True,165008867328.0,6.48,0.92,9.33,8.69,14.13,0.0,26.07,,,,1.05,15.149999618530273,9.41,17.45,30.98,29.43,34.75,19.28,17.45,15.71,3.0,3.69,27.26,2026-11-04,2026-09-02,próxima,,,Lateral,16.50238800048828,-8.19510716823524,-16.713426245301953,True,False,False,sem sinal (Lateral; sem novo topo (-8.2%))
ABEV3,BOVA11,BOVA11,Consumer Defensive,59.95,55.83,83.33333333333333,,78.76,18.14,54.08,50.34,42,Não,5,7,False,,True,,False,True,True,True,True,5,6,True,True,True,True,False,,True,False,True,,True,239209250816.0,15.02,2.76,5.01,5.43,18.4,20.62,18.41,,1.02,0.03,4.43,15.479999542236328,6.01,8.19,10.04,11.4,9.09,8.95,9.09,8.18,5.0,-47.14,-42.2,2026-10-29,2026-09-22,próxima,,,Em Baixa,16.1299991607666,-4.029756059202305,-8.901980208949144,True,False,False,sem sinal (Em Baixa; sem novo topo (-4.0%))
CMIG4,BOVA11,BOVA11,Utilities,59.86,55.72,83.33333333333333,,56.54,52.01,38.73,95.3,43,Não,4,7,False,,True,,True,True,True,False,True,5,6,True,True,False,False,False,,True,True,True,,True,31238647808.0,6.46,1.08,9.68,17.42,16.75,9.62,11.15,,0.93,0.69,,10.920000076293945,13.59,19.79,17.58,19.61,,17.64,18.6,16.74,4.0,53.26,61.56,2026-08-13,2026-06-24,última,,,Em Alta,11.279999732971191,-3.1914863936120086,-18.114255608932794,True,False,False,sem sinal (Em Alta; sem novo topo (-3.2%))
ALUP11,SMALL11,SMALL11,Utilities,59.62,61.31,50.0,,66.56,51.56,68.19,48.32,44,Não,6,7,False,,True,,False,True,False,False,True,3,6,True,True,True,True,False,,True,True,True,,True,15249531904.0,7.62,1.1,3.37,4.6,14.38,10.21,25.17,,3.3,1.14,0.82,32.060001373291016,10.53,19.54,55.75,52.53,58.65,55.64,55.75,50.17,3.0,56.5,73.55,n/d,2026-05-15,última,,,Em Baixa,33.709999084472656,-4.894683346169693,-13.046444835611426,True,False,False,sem sinal (Em Baixa; sem novo topo (-4.9%))
SANB11,BOVA11,BOVA11,Financial Services,59.61,56.02,80.0,,53.79,55.84,,66.44,45,Não,3,6,False,,True,,True,True,,True,False,4,5,True,False,False,,True,,True,False,True,,True,157281763328.0,7.08,1.11,7.88,7.32,15.69,0.0,28.66,,,,0.94,29.270000457763672,15.3,28.38,54.78,49.53,61.51,32.82,28.38,25.54,3.0,-12.73,12.13,n/d,2026-07-22,última,,,Lateral,29.479999542236328,-0.7123442596116303,-19.718206293424966,True,False,False,sem sinal (Lateral; sem novo topo (-0.7%))
GMAT3,SMALL11,SMALL11,Consumer Cyclical,59.45,58.18,66.66666666666667,,53.46,74.94,60.48,32.89,46,Não,3,7,False,,True,,False,True,True,False,True,4,6,True,True,False,False,False,,True,False,True,,True,8590142464.0,4.96,0.79,3.2,3.24,15.83,10.88,4.49,,1.71,0.56,0.37,3.7300000190734863,0.86,1.6,9.96,8.94,12.43,10.44,9.96,8.97,3.0,140.42,179.98,n/d,2025-11-21,última,,,Lateral,3.9800000190734863,-6.28140700507328,-50.82278080073881,True,False,False,sem sinal (Lateral; sem novo topo (-6.3%))
TEND3,SMALL11,SMALL11,Real Estate,59.39,63.99,33.333333333333336,,78.06,51.47,59.86,40.27,47,Não,4,7,False,,False,,False,True,True,False,False,2,6,True,True,True,False,False,,True,False,True,,True,4120112640.0,7.12,2.68,2.45,3.86,37.61,14.39,12.08,,1.96,0.79,0.47,33.630001068115234,9.27,17.19,62.58,36.52,89.07,51.34,49.55,44.6,4.0,32.61,52.66,2026-11-04,2025-12-26,última,,,Em Baixa,33.45000076293945,0.5381174919888432,-11.360036148128906,True,False,False,sem sinal (Em Baixa; sem novo topo (+0.5%))
IGTI11,BOVA11+SMALL11,BOVA11,Real Estate,58.83,57.44,66.66666666666667,,72.82,34.82,69.1,21.48,48,Não,2,6,False,,True,,False,True,True,False,True,4,6,False,False,True,True,False,,,False,True,,True,,11.31,1.46,1.21,2.45,12.93,12.16,41.91,,2.73,0.9,1.21,24.329999923706055,4.26,7.9,28.5,28.4,25.38,27.43,28.4,25.56,3.0,5.06,12.73,n/d,2026-10-16,próxima,,,Em Baixa,25.729999542236328,-5.44111793018941,-20.037062853148278,True,False,False,sem sinal (Em Baixa; sem novo topo (-5.4%))
AZZA3,BOVA11+SMALL11,BOVA11,Consumer Cyclical,58.81,57.42,66.66666666666667,,40.97,80.51,76.19,36.24,49,Não,2,7,False,,True,,False,True,True,False,True,4,6,False,True,False,False,False,,True,False,True,,True,3439011840.0,4.22,0.44,14.55,3.53,10.39,7.75,7.17,,2.2,0.49,0.48,17.010000228881836,4.29,7.96,53.41,59.21,49.87,54.16,53.41,48.07,3.0,182.58,218.43,2026-08-12,2025-12-22,última,,,Em Baixa,18.59000015258789,-8.499192634412678,-51.36371256871672,True,False,False,sem sinal (Em Baixa; sem novo topo (-8.5%))
BBDC4,BOVA11,BOVA11,Financial Services,58.07,54.2,80.0,,51.13,53.24,,70.47,50,Não,3,6,False,,True,,False,True,,True,True,4,5,True,False,False,,True,,True,False,True,,True,188206235648.0,7.4,1.05,8.99,8.32,14.13,0.0,26.07,,,,1.36,17.309999465942383,10.29,17.72,28.76,29.46,32.16,18.92,17.72,15.95,3.0,-7.88,9.33,n/d,2026-09-02,próxima,,,Em Baixa,18.95059585571289,-8.657228523376116,-18.49888798862691,True,False,False,sem sinal (Em Baixa; sem novo topo (-8.7%))
HYPE3,BOVA11+SMALL11,BOVA11,Healthcare,57.66,56.07,66.66666666666667,,61.02,44.93,66.41,40.94,51,Pivô de alta,3,7,False,,True,,False,True,True,True,False,4,6,False,True,False,True,False,,True,False,True,,True,15206233088.0,8.71,1.05,4.87,3.87,12.1,10.74,19.49,,1.96,0.62,1.09,21.600000381469727,5.97,11.08,32.86,33.88,29.49,32.08,32.86,29.57,3.0,36.91,48.5,2026-10-27,2026-06-29,última,"A Hypera (HYPE3) apresenta-se como um caso de estudo interessante no setor de saúde, onde a eficiência no uso do capital próprio se destaca com um ROE de 12,1%, posicionando-se acima da média setorial de 8,9%, embora o retorno sobre o capital investido (ROIC) de 10,7% fique ligeiramente abaixo dos 12,4% dos seus pares. Essa sólida rentabilidade convive com múltiplos de valuation bastante atrativos, evidenciados pelo P/L de 8,71 e pelo P/VP de 1,05, o que sugere uma relação de qualidade versus preço altamente favorável para o investidor focado em valor. No âmbito financeiro, a companhia demonstra um perfil de endividamento equilibrado, com uma relação dívida/patrimônio de 0,62 e uma confortável liquidez corrente de 1,96, garantindo que a operação permaneça saudável e menos exposta a riscos de crédito. O dividendo atual de 4,87% mostra-se sustentável e coerente com a forte margem líquida de 19,49%, embora o crescimento de longo prazo acenda um sinal de alerta, dado que o CAGR de receita de cinco anos de 86,7% ficou significativamente abaixo da média do setor de 208,6%. Essa perda de tração frente aos concorrentes reflete-se no checklist de critérios fundamentais da empresa, que atendeu a apenas 3 dos 7 requisitos analisados, penalizado principalmente pelo crescimento inferior aos pares, pela ausência de vendas de insiders e por retornos que não superam a taxa Selic. No campo do valuation, as estimativas de preço-teto revelam uma enorme dispersão entre os métodos de fluxo de caixa e ativos frente aos de dividendos, variando desde os conservadores R$ 5,97 por Bazin até os R$ 33,88 por Graham. Tomando como referência a média de R$ 32,08 e o preço-teto ajustado com margem de segurança de R$ 29,57, o papel projeta um upside expressivo de 36,9% em relação à cotação atual de R$ 21,60, corroborado por uma tendência gráfica de curto prazo em alta com pivô de alta armado. Em suma, os principais prós da tese residem no valuation descontado, na excelente margem líquida e no robusto potencial de valorização perante os modelos matemáticos, enquanto os contras concentram-se no crescimento histórico abaixo da média setorial e no fraco desempenho no checklist de qualidade e governança.",Pivô de alta,Em Alta,21.649999618530273,-0.2309433623165158,-19.416693811258988,True,True,True,Pivô de alta
TAEE11,BOVA11+SMALL11,BOVA11,Utilities,57.59,58.93,50.0,,74.68,27.16,50.39,84.56,52,Não,6,7,False,,True,,False,True,False,False,True,3,6,True,True,True,True,False,,True,True,True,,True,40564875264.0,8.62,1.7,8.34,10.68,19.7,10.69,33.52,,2.29,1.49,5.53,39.25,29.95,34.23,37.17,48.64,55.74,41.15,37.17,33.46,5.0,-14.76,4.83,n/d,2026-05-12,última,,,Em Baixa,41.59000015258789,-5.62635283482269,-11.82997062940927,True,False,False,sem sinal (Em Baixa; sem novo topo (-5.6%))
BMOB3,SMALL11,SMALL11,Communication Services,57.34,52.75,83.33333333333333,,56.56,27.79,74.59,54.36,53,Não,6,7,False,,True,,False,True,True,True,True,5,6,True,True,True,False,True,,True,True,True,,True,1902465664.0,12.25,2.01,9.34,5.97,16.39,10.11,8.91,,1.78,0.05,2.79,22.850000381469727,9.75,14.84,20.28,21.84,19.34,17.21,19.34,17.41,5.0,-23.81,-24.68,n/d,2026-05-18,última,,,Lateral,24.030000686645508,-4.910529635696426,-19.575007222087613,True,False,False,sem sinal (Lateral; sem novo topo (-4.9%))
WEGE3,BOVA11,BOVA11,Industrials,57.24,55.58,66.66666666666667,,86.21,8.46,63.27,20.13,54,Não,5,7,False,,True,,False,True,True,False,True,4,6,True,True,True,True,False,,True,False,True,,True,201903325184.0,32.3,10.71,4.17,2.33,33.16,24.33,15.58,,1.59,0.29,3.94,48.119998931884766,8.01,14.86,19.74,12.27,15.69,14.11,14.86,13.37,5.0,-72.21,-70.67,2026-10-21,2026-06-22,última,,,Lateral,49.16999816894531,-2.1354469720596847,-11.357374687105448,True,False,False,sem sinal (Lateral; sem novo topo (-2.1%))
CPFE3,BOVA11,BOVA11,Utilities,56.78,55.04,66.66666666666667,,75.51,32.69,22.81,83.22,55,Não,5,7,False,,True,,False,True,False,True,True,4,6,True,True,True,False,False,,True,True,True,,True,51620999168.0,8.96,2.12,8.33,10.16,23.72,15.33,12.79,,1.15,1.43,4.23,44.79999923706055,32.52,39.14,42.98,48.76,61.41,44.96,42.98,38.68,5.0,-13.66,0.36,2026-08-13,2026-04-30,última,,,Lateral,47.189998626708984,-5.0646311913552955,-15.458677600321579,True,False,False,sem sinal (Lateral; sem novo topo (-5.1%))
CMIN3,BOVA11,BOVA11,Basic Materials,56.64,60.75,33.333333333333336,,82.65,31.62,31.28,93.96,56,Não,5,7,False,,True,,False,True,False,False,False,2,6,True,True,True,False,False,,True,True,True,,True,29443272704.0,13.28,4.18,19.99,16.62,31.49,21.67,12.51,,1.37,1.31,,5.449999809265137,6.47,9.42,4.27,3.47,,5.91,5.37,4.83,4.0,-11.34,8.38,n/d,2026-04-17,última,,,Em Alta,5.980000019073486,-8.862879734412864,-14.481158156011853,True,False,False,sem sinal (Em Alta; sem novo topo (-8.9%))
SBSP3,BOVA11,BOVA11,Utilities,56.5,54.71,66.66666666666667,,77.5,34.6,43.52,24.83,57,Não,6,7,False,,True,,False,True,False,True,True,4,6,True,True,True,True,False,,True,True,True,,True,94564212736.0,10.86,2.17,2.52,2.57,19.97,13.3,22.03,,1.74,1.18,0.75,26.889999389648438,4.93,9.14,32.81,26.27,42.02,33.7,32.81,29.53,3.0,9.81,25.33,2026-08-12,2026-03-20,última,,,Em Baixa,29.299999237060547,-8.225255666094988,-23.86318934952274,True,False,False,sem sinal (Em Baixa; sem novo topo (-8.2%))
LOGG3,SMALL11,SMALL11,Real Estate,56.42,51.67,83.33333333333333,,53.26,45.63,36.54,89.93,58,Não,3,7,False,,True,,True,True,True,True,False,5,6,False,False,False,True,True,,True,False,True,,True,2207587584.0,5.93,0.63,26.6,13.22,10.63,3.04,149.65,,0.45,0.63,2.58,25.25,23.84,29.18,37.22,61.97,66.07,43.65,37.22,33.5,5.0,32.67,72.89,2026-11-05,2026-06-12,última,,,Em Baixa,26.549999237060547,-4.896419112682715,-12.020908262115682,True,False,False,sem sinal (Em Baixa; sem novo topo (-4.9%))
ITUB4,BOVA11,BOVA11,Financial Services,56.14,51.93,80.0,,59.13,33.7,,65.1,59,Não,4,6,False,,True,,False,True,,True,True,4,5,True,True,False,,True,,True,False,True,,True,449141276672.0,9.64,2.16,8.51,7.15,22.45,0.0,32.58,,,,1.38,40.75,20.81,38.61,56.01,42.36,59.71,38.48,38.61,34.75,3.0,-14.72,-5.57,n/d,2026-09-01,próxima,,,Em Baixa,43.16999816894531,-5.60574072640605,-16.35820625379285,True,False,False,sem sinal (Em Baixa; sem novo topo (-5.6%))
MDIA3,SMALL11,SMALL11,Consumer Defensive,55.44,53.46,66.66666666666667,,39.53,59.08,88.36,32.21,60,Não,1,7,False,,True,,False,False,True,True,True,4,6,False,False,False,False,False,,True,False,True,,True,5869154816.0,8.51,0.71,6.04,3.22,8.33,9.09,6.67,,2.65,0.21,1.41,17.489999771118164,4.02,7.46,27.23,33.75,19.05,26.68,27.23,24.51,3.0,40.13,52.53,2026-08-13,2026-08-24,próxima,,,Em Baixa,18.008699417114258,-2.8802726614624685,-39.622825801988824,True,False,False,sem sinal (Em Baixa; sem novo topo (-2.9%))
SEER3,SMALL11,SMALL11,Consumer Defensive,55.04,58.87,33.333333333333336,,69.29,71.03,39.25,20.81,61,Não,4,7,False,,False,,False,True,False,True,False,2,6,True,True,True,False,False,,True,False,True,,True,1539046528.0,6.27,1.09,3.97,2.41,17.4,16.63,10.92,,1.56,1.16,0.42,12.020000457763672,2.07,3.83,25.4,21.81,32.94,26.72,25.4,22.86,3.0,90.19,122.26,n/d,2026-04-07,última,,,Em Alta,12.350000381469727,-2.672064077027847,-14.932764611380422,True,False,False,sem sinal (Em Alta; sem novo topo (-2.7%))
SAPR11,SMALL11,SMALL11,Utilities,54.57,55.38,50.0,,58.6,57.23,43.66,59.73,62,Não,4,7,False,,True,,False,False,True,False,True,3,6,False,False,True,True,False,,True,True,True,,True,10288283648.0,8.4,0.81,1.62,6.34,9.64,11.81,16.66,,1.08,0.57,1.86,34.040000915527344,15.41,23.75,44.61,61.9,43.95,43.55,44.28,39.85,4.0,17.08,27.95,n/d,2026-01-02,última,,,Em Baixa,37.22999954223633,-8.568355267074413,-30.131362761414803,True,False,False,sem sinal (Em Baixa; sem novo topo (-8.6%))
CPLE3,BOVA11,BOVA11,Utilities,54.14,48.98,83.33333333333333,,53.66,38.55,38.08,75.84,63,Não,4,7,False,,True,,False,True,True,True,True,5,6,False,True,True,False,True,,True,False,True,,True,43564187648.0,13.96,1.81,7.24,9.16,12.99,9.82,11.41,,1.3,0.98,0.28,14.670000076293945,9.6,17.81,13.92,13.84,31.53,17.34,13.92,12.53,5.0,-14.58,18.21,2026-08-05,2026-04-30,última,,,Em Baixa,14.949999809265137,-1.8729079367456825,-13.050163066943766,True,False,False,sem sinal (Em Baixa; sem novo topo (-1.9%))
VIVT3,BOVA11,BOVA11,Communication Services,53.23,44.97,100.0,,46.09,33.82,48.34,61.07,64,Não,5,7,False,,True,,True,True,True,True,True,6,6,False,True,True,False,True,,True,True,True,,True,97721638912.0,14.95,1.5,8.13,6.43,10.05,9.1,10.68,,0.95,0.3,38.78,30.579999923706055,14.05,14.5,15.08,30.63,13.95,17.64,14.5,13.05,5.0,-57.31,-42.31,2026-07-27,2026-07-28,última,,,Em Baixa,35.95353698730469,-14.945781455371264,-25.825154524903425,True,False,False,sem sinal (Em Baixa; sem novo topo (-14.9%))
SUZB3,BOVA11,BOVA11,Basic Materials,53.05,59.47,16.666666666666668,,65.4,64.29,54.72,30.2,65,Não,5,7,False,,False,,False,True,False,False,False,1,6,True,True,False,True,False,,True,True,True,,True,51478097920.0,4.64,1.1,0.01,3.06,23.68,6.83,22.96,,3.52,2.02,0.31,41.70000076293945,9.12,16.92,119.08,87.55,162.33,122.99,119.08,107.17,3.0,157.0,194.94,2026-08-12,2026-04-30,última,,,Em Alta,43.099998474121094,-3.2482546653041178,-30.085105586198146,True,False,False,sem sinal (Em Alta; sem novo topo (-3.2%))
SMTO3,SMALL11,SMALL11,Basic Materials,52.83,53.33,50.0,,46.74,74.29,51.85,33.56,66,Não,2,7,False,,True,,False,True,False,True,False,3,6,False,True,False,False,False,,True,False,True,,True,4767361536.0,5.87,0.67,1.47,3.4,11.35,6.93,11.25,,2.62,1.61,0.65,14.770000457763672,3.59,6.66,33.34,35.33,31.41,33.36,33.34,30.01,3.0,103.15,125.87,2026-08-10,2026-07-06,última,,,Em Baixa,16.049999237060547,-7.975070655089322,-30.972154068809864,True,False,False,sem sinal (Em Baixa; sem novo topo (-8.0%))
GGBR4,BOVA11,BOVA11,Basic Materials,52.49,52.93,50.0,,34.78,53.21,88.66,62.42,67,Não,2,7,False,,True,,False,False,True,True,False,3,6,False,False,True,False,False,,True,False,True,,True,49177673728.0,22.15,0.93,2.76,6.78,4.18,10.03,3.22,,2.87,0.28,0.3,25.049999237060547,12.13,22.5,14.98,26.18,33.93,21.94,22.5,20.25,5.0,-19.17,-12.4,n/d,2026-08-20,próxima,,,Em Alta,26.309999465942383,-4.789054558943928,-5.257190880940399,True,False,False,sem sinal (Em Alta; sem novo topo (-4.8%))
FESA4,SMALL11,SMALL11,Basic Materials,52.41,55.78,33.333333333333336,,29.82,66.3,94.36,69.13,68,Não,1,7,False,,True,,False,False,True,False,False,2,6,False,False,False,False,False,,True,False,True,,True,1924767872.0,12.41,0.61,12.37,8.28,4.93,4.41,7.06,,3.27,0.12,,5.679999828338623,3.36,4.89,4.76,9.79,,5.7,4.83,4.34,4.0,-23.54,0.36,n/d,2025-11-06,última,,,Lateral,6.159999847412109,-7.792208294861247,-36.179774474230754,True,False,False,sem sinal (Lateral; sem novo topo (-7.8%))
BPAC11,BOVA11,BOVA11,Financial Services,52.4,47.53,80.0,,60.24,34.81,,22.15,69,Não,4,6,False,,True,,False,True,,True,True,4,5,True,True,False,,True,,True,False,True,,True,181652979712.0,12.12,2.81,1.18,2.48,23.23,0.0,38.77,,,,0.81,53.90999984741211,9.57,17.74,58.94,43.82,77.77,13.65,13.65,12.29,2.0,-77.2,-74.67,n/d,2026-08-11,próxima,,,Lateral,57.119998931884766,-5.6197464014321135,-17.694656721508228,True,False,False,sem sinal (Lateral; sem novo topo (-5.6%))
MOTV3,BOVA11,BOVA11,Industrials,52.38,52.8,50.0,,73.48,48.89,28.48,18.12,70,Não,5,7,False,,True,,False,True,False,True,False,3,6,True,True,False,True,False,,True,True,True,,True,29124020224.0,7.55,1.65,1.44,2.26,21.85,11.72,19.27,,1.77,2.45,0.5,14.489999771118164,2.34,4.34,25.43,19.47,33.12,26.01,25.43,22.89,3.0,57.95,79.49,2026-10-29,2026-04-22,última,,,Lateral,14.970000267028809,-3.2064160811529074,-18.352504951900016,True,False,False,sem sinal (Lateral; sem novo topo (-3.2%))
FLRY3,BOVA11+SMALL11,BOVA11,Healthcare,52.24,49.7,66.66666666666667,,57.94,25.07,58.94,55.7,71,Rompimento,4,7,False,,True,,False,True,False,True,True,4,6,False,True,True,False,False,,True,True,True,,True,10301717504.0,14.72,1.91,5.69,6.05,13.0,12.7,7.47,,2.14,1.02,10.38,18.950000762939453,8.19,9.24,10.38,16.95,9.62,10.88,9.62,8.66,5.0,-54.33,-42.6,2026-11-05,2026-08-12,próxima,"A Fleury (FLRY3) apresenta uma sólida eficiência operacional no setor de saúde, com um Retorno sobre o Patrimônio Líquido (ROE) de 13,0% e um Retorno sobre o Capital Investido (ROIC) de 12,7% que se posicionam acima de seus pares setoriais (8,9% e 12,4%, respectivamente), sugerindo uma alocação de capital superior à média. Essa qualidade operacional, contudo, convive com múltiplos de preço que não parecem excessivamente descontados, dado que o Preço sobre o Lucro (P/L) de 14,72 e o Preço sobre o Valor Patrimonial (P/VP) de 1,91 refletem uma avaliação exigente do mercado, especialmente quando contrastados com o indicador de crescimento PEG de 10,38. No âmbito financeiro, a rentabilidade da companhia suporta uma estrutura de capital equilibrada, onde a relação de Dívida sobre o Patrimônio de 1,02 é compensada por uma robusta liquidez corrente de 2,14, indicando boa capacidade de honrar compromissos de curto prazo. O retorno em dividendos de 5,69% mostra-se coerente com a geração de lucro atual, embora o crescimento histórico de receita nos últimos cinco anos, de 12,2%, tenha ficado expressivamente abaixo da média do setor (208,6%), sinalizando uma expansão mais madura e cadenciada. Essa dinâmica de crescimento moderado é corroborada pelo checklist de critérios fundamentalistas, no qual a empresa atendeu a 4 de 7 requisitos, falhando em superar a taxa Selic em seus retornos e em atingir a margem líquida estipulada de 15%, já que atualmente registra 7,47%. Sob a ótica de valuation, os métodos de preço-teto revelam uma dispersão relevante, variando desde os conservadores R$ 8,19 pelo método de Bazin até R$ 16,95 pelo modelo de Graham, resultando em uma média de R$ 10,88 e mediana de R$ 9,62. Frente ao preço atual de R$ 18,95, o valor ajustado com margem de segurança de R$ 8,66 aponta para um expressivo prêmio de mercado, traduzido em um upside negativo de 54,3% em relação a essa métrica de referência. Em um balanço final, os prós da companhia residem em sua rentabilidade acima da média setorial, forte liquidez de curto prazo e governança sólida sem vendas recentes por insiders, enquanto os contras concentram-se no crescimento de receita abaixo de seus pares, margem líquida pressionada e um preço de tela atual que se projeta bem acima das principais estimativas de valor justo calculadas.",Rompimento,Em Alta,17.489999771118164,8.34763299558321,-3.953364406456872,True,True,True,"Rompimento (vol x6.2, +8.3% do topo, MM50>MM200)"
EGIE3,BOVA11,BOVA11,Utilities,51.36,51.6,50.0,,80.14,28.7,13.27,57.05,72,Não,7,7,True,,True,,False,True,False,True,False,3,6,True,True,True,True,True,,True,True,True,,True,42109022208.0,10.64,2.8,3.27,6.07,26.37,11.59,28.94,,1.09,2.06,1.14,29.729999542236328,12.89,23.92,37.02,25.84,43.04,28.54,25.84,23.25,5.0,-21.79,-3.99,2026-08-05,2026-08-21,próxima,,,Em Baixa,30.399999618530273,-2.20394764704388,-23.41079410625997,True,False,False,sem sinal (Em Baixa; sem novo topo (-2.2%))
GOAU4,BOVA11+SMALL11,BOVA11,Basic Materials,51.18,51.38,50.0,,31.66,49.63,89.41,68.46,73,Não,2,7,False,,True,,False,False,True,True,False,3,6,False,False,True,False,False,,True,False,True,,True,14564848640.0,18.33,0.76,3.03,8.27,4.13,10.0,1.14,,2.88,0.28,9.16,11.010000228881836,6.5,7.74,5.11,13.99,6.17,7.9,6.5,5.85,5.0,-46.86,-28.24,n/d,n/d,,,,Em Alta,11.529999732971191,-4.509969784321544,-4.757786944380582,False,False,False,sem sinal (Em Alta; sem novo topo (-4.5%))
SBFG3,SMALL11,SMALL11,Consumer Cyclical,51.12,45.44,83.33333333333333,,38.3,68.64,41.45,27.52,74,Não,4,7,False,,True,,False,True,True,True,True,5,6,False,True,False,False,True,,True,True,True,,True,2115188864.0,6.32,0.69,5.91,2.68,10.84,7.5,4.2,,1.39,0.94,0.7,9.170000076293945,1.75,3.25,19.23,20.83,16.95,19.0,19.23,17.3,3.0,88.69,107.22,n/d,n/d,,,,Em Baixa,10.039999961853027,-8.66533753849249,-40.004759902614026,False,False,False,sem sinal (Em Baixa; sem novo topo (-8.7%))
PGMN3,SMALL11,SMALL11,Healthcare,50.85,53.94,33.333333333333336,,45.05,60.3,50.35,85.23,75,Não,3,7,False,,True,,False,False,False,True,False,2,6,False,True,True,False,False,,True,False,True,,True,2498912256.0,7.65,0.73,6.8,10.75,9.61,12.78,2.02,,1.78,1.02,4.47,3.4700000286102295,2.66,3.09,3.75,6.97,5.65,4.42,3.75,3.38,5.0,-2.64,27.48,n/d,n/d,,,,Em Baixa,3.5399999618530273,-1.9773992654552486,-54.46194119784249,False,False,False,sem sinal (Em Baixa; sem novo topo (-2.0%))
RDOR3,BOVA11,BOVA11,Healthcare,50.52,50.61,50.0,,70.18,21.18,47.53,42.28,76,Não,4,7,False,,True,,False,True,False,False,True,3,6,True,True,True,False,False,,True,False,True,,True,73952641024.0,16.47,3.84,12.8,4.01,23.35,15.25,8.08,,2.86,2.44,2.07,33.91999816894531,9.71,18.01,27.29,20.23,24.61,19.97,20.23,18.21,5.0,-46.32,-41.13,n/d,n/d,,,,Em Baixa,35.869998931884766,-5.436300030681352,-24.54173690556859,False,False,False,sem sinal (Em Baixa; sem novo topo (-5.4%))
CSMG3,BOVA11+SMALL11,BOVA11,Utilities,50.11,50.13,50.0,,66.14,14.22,42.11,83.89,77,Não,5,7,False,,True,,False,True,False,False,True,3,6,True,True,True,True,False,,True,False,True,,True,23486498816.0,17.38,2.69,3.53,10.18,15.46,11.6,16.14,,1.6,1.08,,61.939998626708984,45.05,65.59,37.06,42.97,,47.67,44.01,39.61,4.0,-36.05,-23.04,n/d,n/d,,,,Lateral,64.38999938964844,-3.804939876010194,-8.670010460887656,False,False,False,sem sinal (Lateral; sem novo topo (-3.8%))
UGPA3,BOVA11,BOVA11,Energy,50.04,47.1,66.66666666666667,,57.28,32.31,42.43,47.65,78,Não,6,7,False,,True,,False,True,False,True,True,4,6,True,True,True,False,True,,True,True,True,,True,33432729600.0,11.65,2.12,4.16,4.42,18.19,14.05,2.06,,1.67,1.14,1.32,31.280000686645508,9.87,18.32,35.58,29.86,35.56,29.83,32.71,29.44,4.0,-5.89,-4.65,n/d,n/d,,,,Em Alta,33.38999938964844,-6.319253493778354,-6.319253493778354,False,False,False,sem sinal (Em Alta; sem novo topo (-6.3%))
PRIO3,BOVA11,BOVA11,Energy,50.04,47.11,66.66666666666667,,62.47,40.74,40.73,6.71,79,Não,3,7,False,,True,,False,True,True,True,False,4,6,False,False,False,True,True,,True,False,True,,True,45849899008.0,12.96,1.78,0.0,0.18,13.71,10.92,18.11,,1.34,0.9,0.97,57.45000076293945,0.73,1.35,58.74,56.74,60.16,58.55,58.74,52.86,3.0,-7.99,1.91,n/d,n/d,,,,Em Alta,60.540000915527344,-5.1040636039953675,-21.27980526122939,False,False,False,sem sinal (Em Alta; sem novo topo (-5.1%))
COGN3,BOVA11+SMALL11,BOVA11,Consumer Defensive,49.69,52.57,33.333333333333336,,43.23,66.57,60.91,42.95,80,Não,1,7,False,,False,,False,False,True,True,False,2,6,False,False,False,False,False,,True,False,True,,True,4442728960.0,6.82,0.34,5.34,4.01,4.94,10.12,8.92,,1.65,0.49,1.9,2.2200000286102295,0.64,0.89,3.24,6.92,2.47,2.86,2.86,2.57,2.0,15.8,28.66,n/d,n/d,,,,Lateral,2.3299999237060547,-4.721025695179481,-53.03319718244857,False,False,False,sem sinal (Lateral; sem novo topo (-4.7%))
AXIA3,BOVA11,BOVA11,Utilities,49.69,46.69,66.66666666666667,,48.26,26.97,69.01,44.3,81,Não,2,7,False,,True,,False,False,True,True,True,4,6,False,False,False,True,False,,True,False,True,,True,120898387968.0,12.95,1.28,5.39,4.28,9.86,3.25,27.05,,2.05,0.63,2.94,53.04999923706055,16.21,24.67,44.55,61.81,35.54,36.55,35.54,31.99,5.0,-39.7,-31.1,n/d,n/d,,,,Em Baixa,53.709999084472656,-1.2288211853701436,-21.80129407313872,False,False,False,sem sinal (Em Baixa; sem novo topo (-1.2%))
BEEF3,BOVA11+SMALL11,BOVA11,Consumer Defensive,49.33,52.15,33.333333333333336,,68.63,60.62,13.43,34.23,82,Não,4,7,False,,False,,False,True,False,False,True,2,6,True,True,True,False,False,,True,False,True,,True,3409531648.0,4.84,2.73,5.69,3.41,56.47,17.78,1.25,,1.32,13.29,0.32,3.440000057220459,0.84,1.55,9.42,4.49,13.08,6.95,6.95,6.26,2.0,81.91,102.13,n/d,n/d,,,,Lateral,3.6700000762939453,-6.267030362183146,-52.972162162944805,False,False,False,sem sinal (Lateral; sem novo topo (-6.3%))
SYNE3,SMALL11,SMALL11,Real Estate,49.03,51.8,33.333333333333336,,46.28,48.62,44.09,100.0,83,Não,3,7,False,,False,,False,False,True,True,False,2,6,False,False,False,True,True,,False,True,True,,True,610577792.0,9.31,0.88,64.53,129.98,9.47,5.96,20.02,,0.98,0.5,1.79,4.0,37.14,62.16,5.14,6.63,12.89,9.76,9.76,8.78,2.0,119.58,143.98,n/d,n/d,,,,Em Baixa,4.190000057220459,-4.5346075089674365,-23.291410021584834,False,False,False,sem sinal (Em Baixa; sem novo topo (-4.5%))
USIM5,BOVA11+SMALL11,BOVA11,Basic Materials,48.54,51.22,33.333333333333336,,10.27,87.02,95.03,58.39,84,Não,3,7,False,,False,,False,False,True,True,False,2,6,False,False,False,False,True,,True,True,True,,True,8801240064.0,-3.86,0.43,0.0,6.2,-11.18,4.67,-9.36,,4.44,0.27,-0.01,7.150000095367432,3.16,5.87,,,,4.52,4.52,4.06,2.0,-43.15,-36.83,n/d,n/d,,,,Em Baixa,8.6899995803833,-17.72151391689645,-41.29720922643077,False,False,False,sem sinal (Em Baixa; sem novo topo (-17.7%))
ALOS3,BOVA11+SMALL11,BOVA11,Real Estate,48.51,45.31,66.66666666666667,,50.06,36.67,39.2,57.72,85,Não,2,7,False,,True,,False,False,True,True,True,4,6,False,False,False,True,False,,True,False,True,,True,13473802240.0,14.53,1.06,10.94,6.09,7.27,6.39,31.41,,0.72,0.56,17.32,26.940000534057617,11.71,12.57,14.21,32.56,12.84,12.83,12.7,11.43,4.0,-57.56,-52.37,n/d,n/d,,,,Lateral,27.56999969482422,-2.2850894731234694,-17.85090042584634,False,False,False,sem sinal (Lateral; sem novo topo (-2.3%))
ECOR3,SMALL11,SMALL11,Industrials,47.83,47.45,50.0,,51.7,54.48,41.09,23.49,86,Não,1,7,False,,True,,False,True,False,False,True,3,6,False,False,False,False,False,,True,False,True,,True,4611969024.0,8.45,1.12,4.56,2.51,13.28,11.52,4.59,,2.52,6.64,0.81,6.630000114440918,1.19,2.2,10.4,10.22,10.18,10.27,10.22,9.2,3.0,38.77,54.84,n/d,n/d,,,,Em Baixa,7.239999771118164,-8.425409888970703,-44.438166570869555,False,False,False,sem sinal (Em Baixa; sem novo topo (-8.4%))
VALE3,BOVA11,BOVA11,Basic Materials,47.79,50.34,33.333333333333336,,50.64,36.49,48.19,87.92,87,Não,3,7,False,,True,,False,False,True,False,False,2,6,True,False,True,False,False,,True,False,True,,True,319054544896.0,32.1,1.69,7.47,12.73,5.27,18.11,4.76,,1.19,0.55,,74.97000122070312,68.18,99.27,24.29,48.28,,60.0,58.23,52.41,4.0,-30.1,-19.96,n/d,n/d,,,,Em Baixa,76.66000366210938,-2.204542604583215,-18.172889136373716,False,False,False,sem sinal (Em Baixa; sem novo topo (-2.2%))
GGPS3,SMALL11,SMALL11,Industrials,47.32,46.85,50.0,,55.93,32.63,58.21,18.79,88,Não,3,7,False,,True,,False,True,False,False,True,3,6,True,True,False,False,False,,True,False,True,,True,8749836288.0,13.24,2.12,2.51,2.31,16.03,11.82,3.74,,3.24,1.51,1.19,11.630000114440918,1.92,3.56,11.64,10.41,11.8,11.28,11.64,10.47,3.0,-9.93,-2.97,n/d,n/d,,,,Em Baixa,12.539999961853027,-7.256777114675838,-40.81424763248527,False,False,False,sem sinal (Em Baixa; sem novo topo (-7.3%))
RENT3,BOVA11,BOVA11,Industrials,46.0,42.35,66.66666666666667,,54.6,39.29,21.99,35.57,89,Não,1,7,False,,True,,False,True,False,True,True,4,6,False,False,False,False,False,,True,False,True,,True,41776537600.0,12.42,1.57,5.42,3.46,12.63,12.27,5.13,,1.23,1.66,1.72,37.81999969482422,9.34,17.32,40.35,40.63,32.47,32.69,36.41,32.77,4.0,-13.35,-13.56,n/d,n/d,,,,Em Baixa,39.20000076293945,-3.520410819532227,-28.21841397401753,False,False,False,sem sinal (Em Baixa; sem novo topo (-3.5%))
ANIM3,SMALL11,SMALL11,Consumer Defensive,45.43,50.51,16.666666666666668,,45.06,67.62,36.45,60.4,90,Não,4,7,False,,False,,False,False,False,True,False,1,6,True,False,True,False,False,,True,True,True,,True,827513856.0,6.59,0.37,3.55,6.41,5.62,14.19,3.27,,1.9,2.02,2.03,2.190000057220459,1.0,1.35,3.19,6.65,3.21,3.6,3.2,2.88,4.0,31.5,64.39,n/d,n/d,,,,Em Baixa,2.2699999809265137,-3.5242257435351254,-58.58926741766464,False,False,False,sem sinal (Em Baixa; sem novo topo (-3.5%))
RANI3,SMALL11,SMALL11,Consumer Cyclical,44.99,49.99,16.666666666666668,,50.37,40.84,48.97,73.15,91,Não,3,7,False,,True,,False,False,False,False,False,1,6,False,True,True,False,False,,True,False,True,,True,1898941952.0,14.71,1.33,4.45,8.89,9.03,11.69,7.65,,2.1,1.38,,8.260000228881836,5.24,7.63,5.84,8.86,,6.89,6.74,6.06,4.0,-26.59,-16.54,n/d,n/d,,,,Em Alta,8.420000076293945,-1.9002357002653736,-15.229719147577224,False,False,False,sem sinal (Em Alta; sem novo topo (-1.9%))
BRAP4,BOVA11+SMALL11,BOVA11,Financial Services,44.81,42.13,60.0,,19.12,61.22,,97.99,92,Não,3,6,False,,True,,False,True,,True,False,3,5,False,False,False,,True,,True,True,True,,True,8392612864.0,10.73,1.07,11.04,24.1,10.0,-0.47,0.0,,,,0.15,21.350000381469727,36.75,68.18,26.36,29.89,59.69,43.76,36.75,33.08,3.0,54.93,104.98,n/d,n/d,,,,Em Baixa,22.0,-2.954543720592151,-16.6991764316892,False,False,False,sem sinal (Em Baixa; sem novo topo (-3.0%))
UNIP6,SMALL11,SMALL11,Basic Materials,44.58,46.56,33.333333333333336,,53.92,11.99,49.18,94.63,93,Não,4,7,False,,True,,False,True,False,False,False,2,6,False,True,True,False,False,,True,True,True,,True,6712955904.0,25.53,3.41,16.92,17.1,13.34,11.66,5.09,,2.39,1.85,,60.13999938964844,73.45,106.94,24.5,30.57,,58.87,52.01,46.81,4.0,-22.16,-2.12,n/d,n/d,,,,Lateral,63.689998626708984,-5.573872371810385,-17.273047914872485,False,False,False,sem sinal (Lateral; sem novo topo (-5.6%))
RADL3,BOVA11,BOVA11,Healthcare,44.53,40.62,66.66666666666667,,61.74,16.92,35.67,14.77,94,Não,4,7,False,,True,,False,True,False,True,True,4,6,True,True,True,False,False,,True,False,True,,True,35355402240.0,26.4,4.86,2.17,1.44,18.41,16.71,2.88,,1.41,1.18,2.32,20.219999313354492,2.08,3.86,10.15,8.47,9.84,8.08,9.15,8.24,4.0,-59.27,-60.04,n/d,n/d,,,,Em Alta,20.549999237060547,-1.6058391044167175,-25.462200981521,False,False,False,sem sinal (Em Alta; sem novo topo (-1.6%))
ASAI3,BOVA11+SMALL11,BOVA11,Consumer Defensive,43.94,42.87,50.0,,58.87,53.33,10.18,10.07,95,Não,5,7,False,,True,,False,True,False,True,False,3,6,True,True,True,False,True,,True,False,True,,True,11035851776.0,11.57,1.76,1.27,0.83,15.21,21.18,0.9,,1.1,4.6,0.84,8.239999771118164,0.49,0.91,9.44,8.66,10.38,9.49,9.44,8.49,3.0,3.07,15.21,n/d,n/d,,,,Em Baixa,8.829999923706055,-6.681768490211503,-22.393741245389787,False,False,False,sem sinal (Em Baixa; sem novo topo (-6.7%))
VBBR3,BOVA11,BOVA11,Consumer Cyclical,43.86,39.84,66.66666666666667,,43.22,21.17,47.31,56.38,96,Não,3,7,False,,True,,False,True,False,True,True,4,6,False,True,False,False,True,,True,False,True,,True,40835682304.0,13.65,1.89,4.41,6.07,13.83,9.9,1.56,,1.77,1.1,5.75,34.22999954223633,14.84,18.29,22.08,31.97,21.17,21.67,21.17,19.05,5.0,-44.33,-36.69,n/d,n/d,,,,Em Alta,36.130001068115234,-5.258791778878913,-6.5520105266062885,False,False,False,sem sinal (Em Alta; sem novo topo (-5.3%))
BBAS3,BOVA11,BOVA11,Financial Services,43.82,48.03,20.0,,39.57,54.0,,71.14,97,Não,2,6,False,,True,,False,False,,False,False,1,5,False,False,False,,False,,True,True,True,,True,114519990272.0,7.99,0.62,2.74,8.34,7.71,0.0,20.42,,,,3.11,20.059999465942383,11.95,15.02,22.53,42.75,27.4,16.5,15.02,13.52,3.0,-32.62,-17.74,n/d,n/d,,,,Em Alta,21.270000457763672,-5.688768057264582,-27.1670659463897,False,False,False,sem sinal (Em Alta; sem novo topo (-5.7%))
FRAS3,SMALL11,SMALL11,Consumer Cyclical,43.27,42.09,50.0,,51.94,17.89,55.76,30.87,98,Pivô de alta,3,7,False,,True,,False,True,False,False,True,3,6,False,True,True,False,False,,True,False,True,,True,5663182848.0,22.6,2.38,3.01,3.07,10.53,13.92,4.68,,2.29,1.23,6.99,20.420000076293945,4.47,6.0,8.66,13.21,5.69,7.61,6.0,5.4,5.0,-73.54,-62.75,n/d,n/d,,,Pivô de alta,Lateral,21.079999923706055,-3.13092907875151,-18.72166979656401,False,True,False,Pivô de alta
VAMO3,BOVA11+SMALL11,BOVA11,Industrials,43.24,44.99,33.333333333333336,,56.29,45.8,26.93,28.19,99,Não,4,7,False,,True,,False,True,False,False,False,2,6,True,False,True,False,False,,True,True,True,,True,3762960896.0,12.24,1.44,4.04,2.92,11.81,15.28,5.09,,1.77,6.47,1.61,3.0799999237060547,0.64,1.19,3.33,3.48,2.64,2.66,2.99,2.69,4.0,-12.66,-13.54,n/d,n/d,,,,Em Alta,3.4200000762939453,-9.941524707693251,-37.65182412894449,False,False,False,sem sinal (Em Alta; sem novo topo (-9.9%))
CBAV3,SMALL11,SMALL11,Basic Materials,43.0,41.76,50.0,,39.28,36.39,60.15,29.53,100,Não,3,7,False,,False,,False,True,True,True,False,3,6,False,True,False,False,False,,True,True,True,,True,7239928320.0,12.11,1.43,0.4,3.04,11.81,6.25,6.41,,2.06,0.89,1.62,11.119999885559082,2.42,4.48,12.17,12.68,9.64,9.74,10.9,9.81,4.0,-11.74,-12.39,n/d,n/d,,,,Em Alta,11.130000114440918,-0.08984931517530548,-0.5366763683264164,False,False,False,sem sinal (Em Alta; sem novo topo (-0.1%))
RCSL4,SMALL11,SMALL11,Industrials,42.8,45.94,25.0,,38.89,96.55,20.15,2.68,101,Não,2,6,False,,False,,False,True,,,False,1,4,True,True,False,False,,,False,False,True,,True,64917480.0,-3.89,-4.74,0.0,0.0,121.91,-4.98,0.0,,1.22,,-0.26,0.5099999904632568,,,,,,,,,0.0,,,n/d,n/d,,,,Em Alta,0.7799999713897705,-34.61538343975056,-81.60505019130242,False,False,False,sem sinal (Em Alta; sem novo topo (-34.6%))
BRBI11,SMALL11,SMALL11,Financial Services,42.58,39.51,60.0,,34.81,29.41,,85.91,102,Não,3,5,False,,True,,False,True,,False,True,3,5,True,True,False,,False,,,True,True,,True,,8.55,1.69,12.0,11.45,19.7,1.85,0.0,,,,20.25,13.0,10.63,11.0,11.25,16.22,18.04,10.96,11.0,9.9,3.0,-23.82,-15.7,n/d,n/d,,,,Em Baixa,14.739999771118164,-11.804611927657916,-39.52341924380666,False,False,False,sem sinal (Em Baixa; sem novo topo (-11.8%))
PNVL3,SMALL11,SMALL11,Healthcare,42.38,38.1,66.66666666666667,,38.32,36.7,46.97,22.82,103,Não,3,7,False,,True,,False,True,False,True,True,4,6,False,True,False,False,False,,True,True,True,,True,1809152128.0,13.26,1.39,2.71,2.49,10.45,9.66,2.33,,1.75,1.07,1.89,12.140000343322754,2.16,4.0,12.13,13.41,8.69,9.56,10.41,9.37,4.0,-22.82,-21.27,n/d,n/d,,,,Em Alta,12.4399995803833,-2.411569511092404,-25.499897275272264,False,False,False,sem sinal (Em Alta; sem novo topo (-2.4%))
MOVI3,SMALL11,SMALL11,Industrials,41.85,43.35,33.333333333333336,,51.62,56.32,3.38,53.69,104,Não,4,7,False,,False,,False,True,False,True,False,2,6,True,False,True,False,False,,True,True,True,,True,3112041728.0,8.56,1.02,8.38,5.82,11.92,14.39,2.45,,0.85,8.06,1.43,7.760000228881836,3.23,5.97,11.98,12.46,10.7,10.28,11.34,10.21,4.0,31.51,32.42,n/d,n/d,,,,Em Baixa,8.670000076293945,-10.495961238804231,-48.16299204768142,False,False,False,sem sinal (Em Baixa; sem novo topo (-10.5%))
TTEN3,SMALL11,SMALL11,Basic Materials,40.77,39.14,50.0,,42.96,45.72,36.19,11.41,105,Não,3,7,False,,True,,False,True,False,False,True,3,6,True,True,False,False,False,,True,False,True,,True,5705020928.0,8.01,1.2,1.59,0.95,14.93,6.69,4.16,,1.26,1.0,0.58,11.399999618530273,0.77,1.43,18.86,17.44,20.98,19.09,18.86,16.97,3.0,48.88,67.5,n/d,n/d,,,,Em Baixa,15.569999694824219,-26.782274618028012,-36.31284993588005,False,False,False,sem sinal (Em Baixa; sem novo topo (-26.8%))
BRKM5,BOVA11+SMALL11,BOVA11,Basic Materials,40.54,40.64,40.0,,33.56,69.6,0.75,79.87,106,Não,4,7,False,,False,,False,True,,True,False,2,5,True,True,False,False,False,,True,True,True,,True,4733992448.0,-0.52,-0.3,0.0,9.8,58.03,-6.49,-13.68,,0.71,,-0.03,5.940000057220459,4.16,7.72,,,,5.94,5.94,5.34,2.0,-10.04,-0.05,n/d,n/d,,,,Em Baixa,6.190000057220459,-4.0387721759126975,-56.8940480963297,False,False,False,sem sinal (Em Baixa; sem novo topo (-4.0%))
JSLG3,SMALL11,SMALL11,Industrials,39.53,40.62,33.333333333333336,,20.98,77.68,13.49,90.6,107,Não,1,7,False,,True,,False,False,False,True,False,2,6,False,False,False,False,False,,True,False,True,,True,1540992256.0,-16.2,1.32,35.53,13.85,-8.15,9.49,-0.98,,1.28,6.64,-7.04,5.400000095367432,5.34,6.54,,,,5.94,5.94,5.35,2.0,-0.96,10.05,n/d,n/d,,,,Lateral,5.760000228881836,-6.250002069605642,-38.775507004424526,False,False,False,sem sinal (Lateral; sem novo topo (-6.3%))
POSI3,SMALL11,SMALL11,Technology,39.41,37.54,50.0,,21.96,45.01,50.49,63.09,108,Não,0,7,False,,True,,False,False,True,True,False,3,6,False,False,False,False,False,,False,False,True,,True,488801696.0,50.92,0.32,5.09,6.88,0.63,6.91,0.29,,1.69,0.83,14.14,3.5299999713897705,1.74,2.42,0.69,4.15,0.73,2.26,2.08,1.87,4.0,-47.02,-36.04,n/d,n/d,,,,Em Baixa,3.880000114440918,-9.020621977522293,-26.45833685166292,False,False,False,sem sinal (Em Baixa; sem novo topo (-9.0%))
NATU3,BOVA11+SMALL11,BOVA11,Consumer Defensive,38.5,41.77,20.0,,24.37,74.93,59.0,2.68,109,Não,1,7,False,,False,,,False,True,False,False,1,5,False,False,False,False,False,,True,False,True,,True,11378661376.0,-4.89,0.91,0.0,0.0,-18.67,11.65,-10.7,,1.65,0.55,,8.279999732971191,,,,,,,,,0.0,,,n/d,n/d,,,,Em Baixa,8.710000038146973,-4.93685767270401,-25.73991016815289,False,False,False,sem sinal (Em Baixa; sem novo topo (-4.9%))
SOJA3,SMALL11,SMALL11,Basic Materials,37.8,38.58,33.333333333333336,,20.27,48.16,67.32,39.6,110,Não,2,7,False,,True,,False,False,False,True,False,2,6,False,False,False,False,True,,True,False,True,,True,757502400.0,30.9,0.57,5.28,3.84,1.84,5.12,0.95,,4.6,1.23,0.02,5.369999885559082,1.47,2.73,2.3,6.07,5.21,3.56,2.73,2.46,5.0,-54.18,-33.73,n/d,n/d,,,,Em Baixa,6.039999961853027,-11.0927165649914,-48.6408112172637,False,False,False,sem sinal (Em Baixa; sem novo topo (-11.1%))
ENGI11,BOVA11,BOVA11,Utilities,37.65,38.42,33.333333333333336,,43.23,30.89,30.03,52.35,111,Não,3,7,False,,True,,False,False,False,False,True,2,6,False,False,True,False,False,,True,True,True,,True,14358547456.0,15.57,1.21,3.3,5.5,7.78,10.25,5.29,,1.75,2.23,13.91,46.880001068115234,18.41,20.24,23.64,51.23,19.93,20.55,20.08,18.07,4.0,-61.45,-56.16,n/d,n/d,,,,Lateral,50.33000183105469,-6.854759859775584,-20.87763532807555,False,False,False,sem sinal (Lateral; sem novo topo (-6.9%))
AUAU3,SMALL11,SMALL11,Consumer Cyclical,37.48,38.21,33.333333333333336,,18.02,81.89,42.79,10.74,112,Não,1,7,False,,,,,False,True,False,,1,3,False,False,False,False,False,,True,False,True,,True,3029994240.0,0.0,0.98,0.86,0.92,0.0,0.0,3.33,,1.19,0.74,,3.5199999809265137,0.23,0.34,,,,0.28,0.28,0.26,2.0,-92.74,-91.93,n/d,n/d,,,,Em Alta,3.680000066757202,-4.347828340440218,-12.731797792754785,False,False,False,sem sinal (Em Alta; sem novo topo (-4.3%))
SLCE3,BOVA11+SMALL11,BOVA11,Consumer Defensive,37.16,40.78,16.666666666666668,,36.77,34.17,46.59,63.76,113,Não,1,7,False,,True,,False,False,False,False,False,1,6,False,False,False,False,False,,True,False,True,,True,6561235968.0,20.35,1.24,6.09,7.05,6.1,9.78,3.82,,2.2,1.77,,13.220000267028809,6.66,9.69,6.76,12.48,,8.9,8.22,7.4,4.0,-44.01,-32.7,n/d,n/d,,,,Em Alta,13.960000038146973,-5.300857944814097,-32.135520648420226,False,False,False,sem sinal (Em Alta; sem novo topo (-5.3%))
LWSA3,SMALL11,SMALL11,Technology,36.88,37.5,33.333333333333336,,10.94,73.59,57.82,26.17,114,Não,1,7,False,,False,,False,False,True,True,False,2,6,False,False,False,False,False,,True,False,True,,True,2131058176.0,-10.09,0.94,7.9,2.64,-9.34,5.67,-14.56,,1.14,0.03,-0.21,3.880000114440918,0.73,1.36,,,,1.04,1.04,0.94,2.0,-75.77,-73.08,n/d,n/d,,,,Em Baixa,3.940000057220459,-1.5228411651818319,-19.23016222053626,False,False,False,sem sinal (Em Baixa; sem novo topo (-1.5%))
DXCO3,SMALL11,SMALL11,Basic Materials,36.85,40.41,16.666666666666668,,14.93,80.65,50.21,34.9,115,Rompimento,2,7,False,,True,,False,False,False,False,False,1,6,False,False,False,False,False,,True,True,True,,True,4739084800.0,-133.03,0.69,0.0,3.41,-0.52,4.35,-0.11,,1.98,1.18,,5.21999979019165,1.27,1.85,,,,1.56,1.56,1.4,2.0,-73.09,-70.1,n/d,n/d,,,Rompimento,Em Alta,5.190000057220459,0.5780295306443195,-16.077170960309438,False,True,False,"Rompimento (vol x2.4, +0.6% do topo, MM50>MM200)"
TIMS3,BOVA11,BOVA11,Communication Services,36.84,31.57,66.66666666666667,,32.03,7.83,38.75,74.5,116,Não,3,7,False,,True,,False,False,True,True,True,4,6,False,False,False,True,True,,True,False,True,,True,44811419648.0,3286.2,1.79,7.82,8.95,0.05,0.76,15.78,,0.85,0.66,1314.48,18.760000228881836,11.99,14.96,0.05,1.16,0.07,5.65,1.16,1.04,5.0,-94.43,-69.91,n/d,n/d,,,,Em Baixa,22.670000076293945,-17.247462877165155,-33.82630092564565,False,False,False,sem sinal (Em Baixa; sem novo topo (-17.2%))
MYPK3,SMALL11,SMALL11,Consumer Cyclical,36.63,37.21,33.333333333333336,,25.86,48.28,41.99,51.01,117,Não,2,7,False,,True,,False,False,False,True,False,2,6,False,False,False,False,True,,True,False,True,,True,1401844992.0,15.73,0.35,3.28,5.44,2.23,8.93,0.6,,1.73,1.21,48.73,9.359999656677246,3.64,3.73,4.36,18.92,3.43,3.79,3.68,3.32,4.0,-64.58,-59.51,n/d,n/d,,,,Em Alta,9.710000038146973,-3.6045353253831625,-34.41689948561406,False,False,False,sem sinal (Em Alta; sem novo topo (-3.6%))
IRBR3,SMALL11,SMALL11,Financial Services,36.12,42.49,0.0,,21.35,86.0,,28.86,118,Não,1,6,False,,False,,False,False,,False,False,0,5,False,False,False,,False,,True,False,True,,True,4232141056.0,-105.28,0.8,3.02,2.93,-0.76,0.0,6.77,,,,,52.13999938964844,10.9,15.87,,,,13.38,13.38,12.04,2.0,-76.9,-74.34,n/d,n/d,,,,Em Baixa,57.45000076293945,-9.24282211100762,-19.442509558452457,False,False,False,sem sinal (Em Baixa; sem novo topo (-9.2%))
ARML3,SMALL11,SMALL11,Industrials,36.12,36.61,33.333333333333336,,32.44,36.4,40.07,48.99,119,Rompimento,2,7,False,,True,,False,False,False,True,False,2,6,False,False,False,False,False,,True,True,True,,True,1230014336.0,24.32,0.96,15.48,4.76,3.96,9.81,2.66,,2.16,2.35,9.73,3.549999952316284,1.21,1.5,1.3,3.48,1.06,1.27,1.25,1.13,4.0,-68.22,-64.29,n/d,n/d,,,Rompimento,Em Alta,3.5399999618530273,0.2824856093507577,-43.65079611367132,False,True,False,"Rompimento (vol x1.7, +0.3% do topo, MM50>MM200)"
MRVE3,BOVA11+SMALL11,BOVA11,Real Estate,35.83,39.21,16.666666666666668,,14.73,81.31,47.82,26.85,120,Não,2,7,False,,False,,False,False,False,True,False,1,6,False,False,False,False,True,,True,False,True,,True,2510241536.0,-3.3,0.48,0.0,2.66,-14.6,6.58,-6.68,,2.08,1.43,-0.15,4.460000038146973,0.85,1.57,,,,1.21,1.21,1.09,2.0,-75.57,-72.86,n/d,n/d,,,,Em Baixa,4.840000152587891,-7.85124178638169,-57.644822875142474,False,False,False,sem sinal (Em Baixa; sem novo topo (-7.9%))
CASH3,SMALL11,SMALL11,Communication Services,35.78,38.57,20.0,,1.33,84.53,82.84,2.68,121,Não,1,7,False,,False,,False,False,,True,False,1,5,False,False,False,False,True,,False,False,True,,True,574436736.0,-5.24,1.23,0.0,0.0,-23.45,-16.62,-20.31,,2.68,,-0.29,5.070000171661377,,,,,,,,,0.0,,,n/d,n/d,,,,Em Alta,4.650000095367432,9.032259520002395,-18.225801167205113,False,False,False,sem sinal (Em Alta; sem novo topo (+9.0%))
HAPV3,BOVA11+SMALL11,BOVA11,Financial Services,35.31,38.01,20.0,,12.25,97.17,,6.04,122,Não,1,6,False,,False,,False,False,,True,False,1,5,False,False,False,,False,,True,False,True,,True,5116697088.0,-12.62,0.11,0.0,0.13,-0.89,1.71,-1.35,,,,-3.61,10.770000457763672,0.1,0.14,,,,0.12,0.12,0.11,2.0,-98.99,-98.88,n/d,n/d,,,,Em Alta,11.90999984741211,-9.571783411031232,-74.75386662848989,False,False,False,sem sinal (Em Alta; sem novo topo (-9.6%))
RAPT4,SMALL11,SMALL11,Industrials,34.99,41.17,0.0,,18.08,82.37,39.37,45.64,123,Não,1,7,False,,False,,False,False,False,False,False,0,6,False,False,False,False,False,,True,False,True,,True,1739951872.0,-6.0,0.56,0.0,4.3,-9.35,8.29,-2.23,,2.07,2.19,,4.989999771118164,1.53,2.23,,,,1.88,1.88,1.69,2.0,-66.03,-62.26,n/d,n/d,,,,Em Alta,5.139999866485596,-2.9182898689449233,-30.404466973208,False,False,False,sem sinal (Em Alta; sem novo topo (-2.9%))
QUAL3,SMALL11,SMALL11,Healthcare,34.8,37.99,16.666666666666668,,44.88,50.8,19.13,12.75,124,Não,3,7,False,,False,,False,False,False,True,False,1,6,True,False,True,False,False,,False,True,True,,True,455423104.0,30.02,0.35,0.56,1.25,1.17,23.06,1.09,,0.92,1.37,41.0,1.6100000143051147,0.14,0.15,0.41,2.36,0.11,0.13,0.14,0.13,3.0,-91.99,-91.68,n/d,n/d,,,,Em Baixa,1.6399999856948853,-1.8292665641127526,-42.618247849865284,False,False,False,sem sinal (Em Baixa; sem novo topo (-1.8%))
HBOR3,SMALL11,SMALL11,Real Estate,34.77,35.02,33.333333333333336,,16.48,35.33,73.05,41.61,125,Não,1,7,False,,True,,False,False,True,False,False,2,6,False,False,False,False,False,,False,True,True,,True,254771744.0,45.74,0.18,6.94,3.93,0.39,2.33,0.48,,2.34,0.7,,1.9199999570846558,0.54,0.78,0.44,3.17,,0.59,0.54,0.48,3.0,-74.75,-69.46,n/d,n/d,,,,Lateral,2.0799999237060547,-7.69230636971937,-54.870606034132294,False,False,False,sem sinal (Lateral; sem novo topo (-7.7%))
SMFT3,BOVA11+SMALL11,BOVA11,Consumer Cyclical,34.74,37.93,16.666666666666668,,51.23,36.91,15.47,25.5,126,Não,2,7,False,,False,,False,True,False,False,False,1,6,False,True,False,False,False,,True,False,True,,True,11138845696.0,16.29,1.84,5.56,2.63,11.3,10.6,8.53,,1.2,2.24,2.52,18.149999618530273,3.41,6.32,14.76,15.73,10.13,11.73,12.45,11.2,4.0,-38.28,-35.35,n/d,n/d,,,,Em Baixa,20.829999923706055,-12.866060081573716,-31.259859860224203,False,False,False,sem sinal (Em Baixa; sem novo topo (-12.9%))
RAIL3,BOVA11,BOVA11,Industrials,34.73,34.97,33.333333333333336,,49.6,27.3,22.43,13.42,127,Não,1,7,False,,False,,False,False,False,True,True,2,6,False,False,False,False,False,,True,False,True,,True,25218934784.0,24.29,1.82,0.8,1.31,7.49,12.14,7.34,,1.37,2.06,4.76,13.59000015258789,1.27,2.1,6.61,9.7,3.59,4.1,3.59,3.23,3.0,-76.22,-69.81,n/d,n/d,,,,Em Alta,14.279999732971191,-4.831929924971612,-21.57503186501287,False,False,False,sem sinal (Em Alta; sem novo topo (-4.8%))
SIMH3,SMALL11,SMALL11,Industrials,34.68,37.86,16.666666666666668,,28.36,83.56,12.32,17.45,128,Não,2,7,False,,False,,False,False,False,True,False,1,6,False,False,False,False,False,,True,True,True,,True,4109665536.0,-46.09,0.97,1.78,2.23,-2.1,11.4,-0.2,,1.3,8.66,-7.56,7.039999961853027,1.12,2.08,,,,1.6,1.6,1.44,2.0,-79.51,-77.23,n/d,n/d,,,,Em Baixa,7.880000114440918,-10.65990025873862,-51.81149239708886,False,False,False,sem sinal (Em Baixa; sem novo topo (-10.7%))
SAUD3,SMALL11,SMALL11,Healthcare,34.56,30.07,60.0,,34.27,28.24,10.45,55.03,129,Não,3,7,False,,True,,False,False,,True,True,3,5,False,False,False,False,True,,True,True,True,,True,41484001280.0,39.37,2.22,0.94,6.04,5.63,4.59,10.5,,1.06,,0.03,14.1899995803833,6.13,11.36,4.78,7.2,10.81,8.06,7.2,6.48,5.0,-54.34,-43.23,n/d,n/d,,,,Em Baixa,16.09000015258789,-11.808580200038076,-13.892207682471236,False,False,False,sem sinal (Em Baixa; sem novo topo (-11.8%))
CSNA3,BOVA11+SMALL11,BOVA11,Basic Materials,33.24,39.11,0.0,,27.25,61.84,10.94,91.95,130,Não,3,7,False,,False,,False,False,False,False,False,0,6,False,False,True,False,False,,True,True,True,,True,6060249600.0,-3.28,16.94,0.0,15.41,-5.17,11.49,-4.49,,1.11,3.24,,4.570000171661377,5.03,7.32,,,,6.18,6.18,5.56,2.0,21.66,35.18,n/d,n/d,,,,Em Baixa,5.710000038146973,-19.964971258661357,-59.628972660212234,False,False,False,sem sinal (Em Baixa; sem novo topo (-20.0%))
DESK3,SMALL11,SMALL11,Communication Services,33.23,33.22,33.333333333333336,,41.47,27.09,34.89,8.05,131,Não,3,7,False,,True,,False,False,False,False,True,2,6,False,True,True,False,False,,True,False,True,,True,2160784384.0,35.2,1.53,0.78,0.44,4.34,11.26,4.95,,1.41,1.21,9.58,18.649999618530273,0.58,0.82,5.32,12.05,2.18,3.75,3.75,3.37,2.0,-81.91,-79.9,n/d,n/d,,,,Em Alta,18.649999618530273,0.0,-2.8139702996306415,False,False,False,sem sinal (Em Alta; sem novo topo (+0.0%))
LJQQ3,SMALL11,SMALL11,Consumer Cyclical,32.98,35.86,16.666666666666668,,7.81,89.5,28.02,43.62,132,Não,1,7,False,,False,,False,False,False,True,False,1,6,False,False,False,False,True,,False,False,True,,True,217263120.0,-1.04,0.7,0.0,4.08,-67.62,2.03,-6.84,,1.86,7.1,-0.28,1.0499999523162842,0.31,0.43,,,,0.37,0.37,0.33,2.0,-68.38,-64.87,n/d,n/d,,,,Em Baixa,1.309999942779541,-19.847328383205287,-63.414634348957755,False,False,False,sem sinal (Em Baixa; sem novo topo (-19.8%))
CSAN3,BOVA11+SMALL11,BOVA11,Energy,32.28,35.03,16.666666666666668,,16.08,61.56,49.93,24.16,133,Não,1,7,False,,False,,False,False,False,True,False,1,6,False,False,False,False,False,,True,False,True,,True,14475826176.0,-1.53,4.17,0.0,2.53,-2.72,8.5,-23.92,,1.87,1.1,-0.06,3.6700000762939453,0.66,1.23,,,,0.95,0.95,0.85,2.0,-76.79,-74.21,n/d,n/d,,,,Lateral,4.099999904632568,-10.487800935135837,-54.29638607302913,False,False,False,sem sinal (Lateral; sem novo topo (-10.5%))
BHIA3,SMALL11,SMALL11,Consumer Cyclical,31.44,34.04,16.666666666666668,,23.23,90.52,3.44,2.68,134,Não,3,7,False,,False,,False,False,False,True,False,1,6,False,False,False,False,True,,True,True,True,,True,729901440.0,-0.2,0.41,0.0,0.0,-2.05,10.46,-12.3,,0.72,6.41,-0.03,0.7200000286102295,,,,,,,,,0.0,,,n/d,n/d,,,,Em Baixa,1.0700000524520874,-32.71028099856381,-86.8613133922587,False,False,False,sem sinal (Em Baixa; sem novo topo (-32.7%))
YDUQ3,BOVA11+SMALL11,BOVA11,Consumer Defensive,30.84,36.29,0.0,,35.91,44.0,27.18,36.91,135,Não,1,7,False,,False,,False,False,False,False,False,0,6,False,False,False,False,False,,True,False,True,,True,2025412224.0,18.4,0.73,7.15,3.6,3.96,10.92,2.14,,1.47,1.78,13.77,7.960000038146973,2.05,2.29,3.46,10.3,2.14,2.48,2.21,1.99,4.0,-74.96,-68.79,n/d,n/d,,,,Em Baixa,8.84000015258789,-9.954752253972533,-47.939829574844005,False,False,False,sem sinal (Em Baixa; sem novo topo (-10.0%))
EQTL3,BOVA11,BOVA11,Utilities,30.06,29.48,33.333333333333336,,37.67,17.16,25.4,31.54,136,Não,2,7,False,,True,,False,False,False,False,True,2,6,False,False,True,False,False,,True,False,True,,True,46783270912.0,30.36,1.83,4.23,3.15,6.02,10.19,2.89,,1.56,2.06,118.2,37.279998779296875,8.4,8.58,8.96,23.72,4.19,7.53,8.49,7.64,4.0,-79.51,-79.8,n/d,n/d,,,,Em Baixa,39.849998474121094,-6.449183922787849,-19.516409704418614,False,False,False,sem sinal (Em Baixa; sem novo topo (-6.4%))
ENEV3,BOVA11,BOVA11,Utilities,29.51,25.9,50.0,,33.84,11.27,37.93,2.68,137,Não,2,7,False,,True,,False,False,False,True,True,3,6,False,False,False,False,True,,True,False,True,,True,49977982976.0,39.13,2.49,0.0,0.0,6.36,6.1,6.94,,1.48,1.17,6.15,26.18000030517578,,,8.86,12.58,4.26,8.57,8.86,7.98,3.0,-69.52,-67.28,n/d,n/d,,,,Lateral,27.15999984741211,-3.60824575751868,-6.899005960735616,False,False,False,sem sinal (Lateral; sem novo topo (-3.6%))
HBSA3,SMALL11,SMALL11,Industrials,29.1,34.23,0.0,,23.68,47.93,56.63,2.68,138,Não,1,7,False,,False,,False,False,False,False,False,0,6,False,False,False,False,False,,True,False,True,,True,4149166848.0,-20.93,2.07,0.0,0.0,-9.88,10.79,-7.87,,3.58,1.85,,3.049999952316284,,,,,,,,,0.0,,,n/d,n/d,,,,Em Baixa,3.440000057220459,-11.337212163284017,-30.52391696863639,False,False,False,sem sinal (Em Baixa; sem novo topo (-11.3%))
MGLU3,BOVA11+SMALL11,BOVA11,Consumer Cyclical,28.86,31.01,16.666666666666668,,20.06,48.64,39.37,19.46,139,Não,2,7,False,,False,,False,False,True,False,False,1,6,False,False,False,False,True,,True,False,True,,True,3412897280.0,38.57,0.31,1.85,2.32,0.79,6.07,0.35,,1.13,0.76,471.81,4.400000095367432,0.73,0.74,0.82,6.04,0.27,0.76,0.74,0.66,3.0,-84.96,-82.68,n/d,n/d,,,,Lateral,5.159999847412109,-14.728677800753031,-61.55443581718275,False,False,False,sem sinal (Lateral; sem novo topo (-14.7%))
AURE3,BOVA11+SMALL11,BOVA11,Utilities,28.8,30.94,16.666666666666668,,9.81,65.89,16.69,67.11,140,Não,2,7,False,,False,,False,False,False,True,False,1,6,False,False,False,False,False,,True,True,True,,True,11292505088.0,-10.42,0.99,0.0,7.48,-9.47,2.64,-8.09,,1.12,1.85,-1.77,10.8100004196167,5.78,10.57,,,,8.17,8.17,7.36,2.0,-31.95,-24.39,n/d,n/d,,,,Em Baixa,11.760000228881836,-8.078229513397417,-26.26193361437886,False,False,False,sem sinal (Em Baixa; sem novo topo (-8.1%))
CAML3,SMALL11,SMALL11,Consumer Defensive,28.66,30.78,16.666666666666668,,22.05,35.74,36.46,46.31,141,Não,1,7,False,,True,,False,False,False,False,False,1,6,False,False,False,False,False,,True,False,True,,True,1565517056.0,14.57,0.54,6.39,4.34,3.69,5.74,0.99,,1.87,1.99,10.73,4.590000152587891,1.42,1.6,2.53,7.76,1.79,1.83,1.7,1.53,4.0,-66.76,-60.03,n/d,n/d,,,,Em Baixa,4.809999942779541,-4.573800266295214,-37.16495810124728,False,False,False,sem sinal (Em Baixa; sem novo topo (-4.6%))
DASA3,SMALL11,SMALL11,Healthcare,28.21,33.19,0.0,,12.29,81.95,31.15,9.4,142,Pivô de alta,2,7,False,,False,,False,False,False,False,False,0,6,False,False,False,False,False,,True,True,True,,True,3624490752.0,-3.5,0.53,0.0,0.74,-15.14,6.51,-10.87,,1.3,1.22,,2.9000000953674316,0.15,0.22,,,,0.19,0.19,0.17,2.0,-94.17,-93.52,n/d,n/d,,,Pivô de alta,Lateral,3.069999933242798,-5.537454122866958,-39.20335205527312,False,True,False,Pivô de alta
PRNR3,SMALL11,SMALL11,Industrials,28.15,30.18,16.666666666666668,,36.1,23.51,32.57,15.44,143,Não,2,7,False,,False,,False,False,False,True,False,1,6,False,False,False,False,True,,True,False,True,,True,1048563648.0,24.31,1.94,0.0,1.68,7.98,9.65,2.67,,1.46,1.36,5.16,18.399999618530273,2.21,3.49,8.53,12.71,4.84,4.77,4.17,3.75,4.0,-79.61,-74.07,n/d,n/d,,,,Em Alta,19.700000762939453,-6.598990325192277,-16.704393429464627,False,False,False,sem sinal (Em Alta; sem novo topo (-6.6%))
BRAV3,BOVA11+SMALL11,BOVA11,Energy,28.06,30.07,16.666666666666668,,23.64,54.38,23.13,12.08,144,Não,1,7,False,,False,,False,False,False,False,True,1,6,False,False,False,False,False,,True,False,True,,True,8487202816.0,155.86,0.69,0.68,1.08,0.44,8.3,0.44,,1.26,1.55,,18.270000457763672,1.41,2.05,1.22,8.36,,1.56,1.41,1.27,3.0,-93.07,-91.47,n/d,n/d,,,,Lateral,21.0,-12.999997820172993,-17.498335300440303,False,False,False,sem sinal (Lateral; sem novo topo (-13.0%))
EMBJ3,BOVA11,BOVA11,Industrials,27.65,29.59,16.666666666666668,,37.76,8.25,48.31,8.72,145,Não,2,7,False,,False,,False,False,True,False,False,1,6,False,False,False,False,False,,True,True,True,,True,65858801664.0,40.45,3.99,1.06,0.72,9.85,9.09,3.93,,1.48,0.78,5.78,92.5199966430664,4.74,8.79,30.31,34.54,17.63,22.82,23.97,21.57,4.0,-76.68,-75.34,n/d,n/d,,,,Em Alta,93.01000213623047,-0.5268309664656856,-11.976798659417954,False,False,False,sem sinal (Em Alta; sem novo topo (-0.5%))
KLBN11,BOVA11,BOVA11,Basic Materials,27.24,29.1,16.666666666666668,,23.6,19.06,36.35,64.43,146,Não,1,7,False,,True,,False,False,False,False,False,1,6,False,False,False,False,False,,True,False,True,,True,127980167168.0,40.04,2.37,6.45,7.09,5.92,5.45,0.86,,2.0,2.3,,18.010000228881836,9.13,13.29,4.68,8.77,,8.97,8.95,8.05,4.0,-55.28,-50.22,n/d,n/d,,,,Em Alta,18.639999389648438,-3.3798239345247283,-15.247057746438418,False,False,False,sem sinal (Em Alta; sem novo topo (-3.4%))
ORVR3,SMALL11,SMALL11,Industrials,27.23,29.09,16.666666666666668,,39.87,3.2,50.4,2.68,147,Não,1,7,False,,False,,False,False,False,True,False,1,6,False,False,False,False,False,,True,False,True,,True,9317439488.0,109.3,6.38,0.0,0.0,5.84,9.56,7.47,,2.27,1.48,18.72,67.8499984741211,,,8.05,12.19,3.63,7.95,8.05,7.25,3.0,-89.32,-88.28,n/d,n/d,,,,Em Baixa,74.1500015258789,-8.496295242231467,-20.08245317470424,False,False,False,sem sinal (Em Baixa; sem novo topo (-8.5%))
GFSA3,SMALL11,SMALL11,Consumer Cyclical,26.72,31.43,0.0,,0.67,93.91,36.91,2.68,148,Não,1,7,False,,False,,False,False,False,False,False,0,6,False,False,False,False,False,,False,True,True,,True,36194484.0,-0.06,0.02,0.0,0.0,-39.87,-6.27,-124.06,,1.31,1.06,,0.23000000417232513,,,,,,,,,0.0,,,n/d,n/d,,,,Em Baixa,0.4399999976158142,-47.727271495771795,-98.71937630347001,False,False,False,sem sinal (Em Baixa; sem novo topo (-47.7%))
TUPY3,SMALL11,SMALL11,Industrials,26.42,31.08,0.0,,6.7,60.27,45.86,38.26,149,Não,2,7,False,,False,,False,False,False,False,False,0,6,False,False,False,False,False,,True,True,True,,True,1863974528.0,-2.44,0.82,0.0,3.73,-33.8,1.49,-8.26,,2.16,1.72,,14.220000267028809,3.79,5.52,,,,4.65,4.65,4.19,2.0,-70.55,-67.28,n/d,n/d,,,,Lateral,16.190000534057617,-12.16800618928131,-16.402115957152052,False,False,False,sem sinal (Lateral; sem novo topo (-12.2%))
CVCB3,SMALL11,SMALL11,Consumer Cyclical,26.31,28.02,16.666666666666668,,11.39,77.31,16.49,2.68,150,Não,2,7,False,,False,,False,False,False,True,False,1,6,False,False,False,False,True,,True,False,True,,True,791613824.0,-7.55,1.99,0.0,0.0,-26.34,5.79,-7.1,,0.73,1.4,-15.1,1.5199999809265137,,,,,,,,,0.0,,,n/d,n/d,,,,Lateral,1.5499999523162842,-1.9354820846890552,-45.519713200390896,False,False,False,sem sinal (Lateral; sem novo topo (-1.9%))
MBRF3,BOVA11,BOVA11,Consumer Defensive,23.16,27.25,0.0,,21.17,25.01,8.67,97.32,151,Não,1,7,False,,False,,False,False,False,False,False,0,6,False,False,False,False,False,,True,False,True,,True,22218008576.0,58.14,1.94,10.87,21.45,3.34,6.28,0.23,,1.08,5.22,,16.06999969482422,24.62,35.84,2.87,7.18,,22.55,24.62,22.16,3.0,37.88,40.3,n/d,n/d,,,,Lateral,17.959999084472656,-10.523382438713147,-41.9016638341459,False,False,False,sem sinal (Lateral; sem novo topo (-10.5%))
BBDC2,BOVA11,BOVA11,,,,,,,,,,152,Não,0,0,False,,,,,,,,,0.0,0.0,,,,,,,,,True,,True,,,,,,,,,,,,,,,,,,,,,,0.0,,,n/d,n/d,,,,,,,,False,False,False,histórico insuficiente
BBDC1,BOVA11,BOVA11,,,,,,,,,,153,Não,0,0,False,,,,,,,,,0.0,0.0,,,,,,,,,True,,True,,,,,,,,,,,,,,,,,,,,,,0.0,,,n/d,n/d,,,,,,,,False,False,False,histórico insuficiente
MOVI1,SMALL11,SMALL11,,,,,,,,,,154,Não,0,0,False,,,,,,,,,0.0,0.0,,,,,,,,,True,,True,,,,,,,,,,,,,,,,,,,,,,0.0,,,n/d,n/d,,,,,,,,False,False,False,histórico insuficiente
