ticker,origem,grupo,setor,investment,investment_base,consistencia,basileia,solvencia,ciclicidade,dado_suspeito,quality,value,safety,dividend,rank_invest,oportunidade_grafica,criterios_ok,criterios_aplicaveis,passa_checklist,mais_5a_bolsa,sem_prejuizo_anual,lucro_20t,div_ge5_5a,div_sem_corte,roe_ge_10,divida_menor_patrim,cresc_receita_5a,cresc_lucro_5a,n_ok,n_aplic,roe_roic_ge_selic,roe_ge_setor,roic_ge_setor,margem_ge_15,cagr_ge_setor,divida_ok,marketcap_ok,insider_ok,margem_ok,roe_ok,alavancagem_ok,div_liq_patrim,nde_ok,market_cap,pl,pvp,dy,dy_teto,roe,roe_medio,roic,mrg_liq,ev_ebitda,div_liq_ebitda,liq_corr,div_patrim,peg,payout,cresc_5a,pl_fut,roa,liq_geral,grau_endiv,indep_fin,min_52s,max_52s,dist_min52,dist_max52,dist_mm100,beta,corr_ibov,close,teto_bazin,teto_gordon,teto_dcf,teto_graham,teto_lynch,teto_projetivo,teto_graham_selic,teto_mult_ebitda,teto_medio,teto_mediana,teto_ajustado,teto_n_metodos,teto_confiavel,teto_dispersao,teto_upside_pct,teto_upside_media_pct,prox_resultado,ex_dividendo,ex_tipo,tese_ia,strategy,in_wishlist,in_carteira,preco_medio,var_pm_pct,trend,breakout_level,pct_to_level,dist_52w_high_pct,fund_ok,breakout,aprovado,note
JHSF3,SMALL11,SMALL11,Imobiliário,78.06,75.95,90.0,,,0.8,,87.64,81.0,46.36,69.93,1,Não,7,8,False,,True,,False,True,True,True,True,True,9,10,True,True,True,True,True,True,True,False,True,True,True,0.28,True,6620868096.0,3.21,0.91,6.73,7.77,28.4,16.71,13.12,52.59,4.4,0.96,1.73,0.79,0.21,24.95,86.6,5.83,7.22,0.72,61.6,36.26,4.95,13.85,101.7,-27.9,-9.3,1.35,0.6,9.989999771118164,5.546714931506469,10.2891561979445,41.23598036364974,27.725764174821283,70.87352199621901,19.57807411896471,37.657008483031085,16.559377974227345,,,,6,False,12.8,,,n/d,2026-08-31,próxima,,,False,False,,,Em Baixa,11.149999618530273,-10.403586431377953,-29.41774405691574,True,False,False,sem sinal (Em Baixa; sem novo topo (-10.4%))
VULC3,SMALL11,SMALL11,Consumo discricionário,76.39,77.52,70.0,,,0.9,,88.33,59.84,66.13,95.8,2,Não,6,8,False,,True,,False,False,True,True,False,True,7,10,True,True,True,True,False,True,True,False,True,True,True,0.25,True,4243665664.0,4.65,1.63,29.0,15.45,35.06,31.82,17.83,24.89,6.25,0.76,2.96,0.37,0.47,71.84,-64.7,5.92,11.45,1.64,37.42,62.57,13.47,20.08,0.3,-32.7,-10.3,0.87,0.57,13.510000228881836,14.908841304386609,27.65590061963716,38.49623721132995,23.276964100610414,73.57077372563687,48.35363159662875,25.79141045641799,8.634006919022138,,,,6,False,8.5,,,n/d,2025-12-23,última,,,False,False,,,Em Baixa,14.180000305175781,-4.724965175419571,-33.21715014121165,True,False,False,sem sinal (Em Baixa; sem novo topo (-4.7%))
MDNE3,SMALL11,SMALL11,Imobiliário,75.48,72.92,90.0,,,0.8,,73.28,77.43,63.41,79.02,3,Não,7,8,False,,True,,False,True,True,True,True,True,9,10,True,True,True,True,True,True,True,False,True,True,True,0.19,True,2348540672.0,4.31,1.05,16.75,9.25,24.38,16.15,10.98,19.89,4.18,0.7,2.78,0.43,0.29,39.87,87.7,3.55,6.56,1.12,72.76,27.27,18.83,34.28,20.6,-33.8,-18.8,1.64,0.62,22.709999084472656,15.005594328617333,27.835377479585148,69.81612247546698,50.63783054938444,125.98664053735128,25.843155312484846,62.62986487859264,38.90400758875655,,,,6,False,8.4,,,n/d,2026-01-02,última,,,False,False,,,Em Baixa,25.110000610351562,-9.55795088626764,-33.7514588880669,True,False,False,sem sinal (Em Baixa; sem novo topo (-9.6%))
POMO3,SMALL11,SMALL11,Bens Industriais,74.29,75.05,70.0,,,0.7,,81.07,76.74,51.82,90.21,4,Não,5,8,False,,True,,False,False,True,True,False,True,7,10,True,True,True,False,False,True,True,False,True,True,True,0.46,True,5102155264.0,4.06,1.15,24.21,11.85,28.32,24.74,18.39,13.19,4.38,1.29,1.94,0.81,0.28,48.12,-14.0,,8.72,1.02,59.93,39.42,3.85,6.69,6.8,-38.5,-25.3,0.88,0.44,4.110000133514404,3.479750490360905,6.454937159619479,13.413177775631985,9.02238090441201,26.871394281969945,11.384387492050992,12.052602383659348,5.368022131106909,9.615917974413454,10.2033841982315,9.183045778408351,6,True,7.7,123.43176350595529,133.96393338291733,n/d,2026-04-27,última,,,False,False,,,Em Baixa,4.989999771118164,-17.63526408752858,-39.028752138609626,True,False,False,sem sinal (Em Baixa; sem novo topo (-17.6%))
PSSA3,BOVA11,BOVA11,Insurance,73.31,73.01,75.0,,1.8,0.3,,76.51,53.92,100.0,51.05,5,Não,4,6,False,,True,,False,False,True,,True,True,6,8,True,False,True,,True,,True,False,True,True,True,,True,29825372160.0,8.16,1.86,6.48,5.34,22.84,17.35,79.28,8.13,,,,,0.63,43.54,0.3,7.47,6.06,,71.59,28.18,43.07,55.45,8.0,-16.1,-8.4,0.72,0.48,46.529998779296875,17.73217098015039,32.89317716817897,75.55422595902984,56.65297864480212,103.9608313779454,48.592301707185065,61.45691412096182,,43.69296895363607,40.74273943768202,36.66846549391382,4,True,4.3,-21.19392551923053,-6.097205888866519,2026-11-05,2026-06-23,última,,,False,False,,,Em Baixa,54.349998474121094,-14.388224313470277,-16.237624809445393,True,False,False,sem sinal (Em Baixa; sem novo topo (-14.4%))
POMO4,BOVA11+SMALL11,BOVA11,Bens Industriais,72.88,73.39,70.0,,,0.7,,81.07,74.03,51.82,80.42,6,Não,5,8,False,,True,,False,False,True,True,False,True,7,10,True,True,True,False,False,True,True,False,True,True,True,0.44,True,5524231168.0,4.35,1.23,22.59,9.47,28.32,24.74,18.39,13.19,4.6,1.29,1.94,0.81,0.29,41.22,-14.0,4.55,8.72,1.02,59.93,39.42,4.05,7.92,9.9,-43.8,-23.1,0.94,0.47,4.449999809265137,3.011607044855494,5.586531068206942,13.554597120175416,9.125445321912338,25.037355348725054,11.575137762178509,12.378160388990382,5.425479583603467,,,,7,False,8.3,,,n/d,2026-04-27,última,,,False,False,,,Em Baixa,5.369999885559082,-17.13221780074884,-44.03186066682176,True,False,False,sem sinal (Em Baixa; sem novo topo (-17.1%))
CURY3,BOVA11+SMALL11,BOVA11,Consumo discricionário,71.1,69.53,80.0,,,0.9,,90.6,35.27,56.68,86.01,8,Não,6,8,False,,True,,False,False,True,True,True,True,8,10,True,True,True,True,False,True,True,False,True,True,True,-0.21,True,9226024960.0,8.82,5.85,15.31,10.4,66.38,57.38,37.72,18.37,5.68,-0.2,1.94,0.71,1.6,91.71,33.5,6.23,16.14,0.91,70.61,24.44,26.99,40.16,11.0,-25.4,-4.8,1.29,0.57,29.950000762939453,22.244604283351986,38.662178350737925,42.156238468651296,19.77770392874795,53.99135397404952,52.042137811816076,20.814607311911228,22.77101119548745,34.05747941559418,30.71659477311269,27.64493529580142,8,True,2.7,-7.696378659163017,13.714452581040938,n/d,2026-05-18,última,,,False,False,,,Lateral,32.31999969482422,-7.332917556506979,-25.58715788765975,True,False,False,sem sinal (Lateral)
MILS3,SMALL11,SMALL11,Bens Industriais,70.7,69.06,80.0,,,0.7,,85.44,53.85,58.49,54.55,9,Pivô de alta,6,8,False,,True,,False,True,True,True,True,True,8,10,True,True,True,True,False,True,True,False,True,True,True,0.65,True,3567860736.0,8.15,1.94,5.42,5.72,23.81,18.37,20.65,23.53,4.85,1.28,2.98,0.99,0.64,46.62,21.3,8.37,11.12,0.54,61.6,38.32,10.3,15.81,52.1,-0.9,8.8,0.76,0.48,15.65999984741211,6.398312964131792,11.868870548464473,25.459508954381644,18.681138626641253,35.413087843243744,12.302655467047465,20.484123551530388,17.74176349961534,20.278735498703472,18.681138626641253,16.81302476397713,7,True,5.5,7.3628667164742145,29.4938422496513,n/d,2026-04-22,última,"A Mills (MILS3) apresenta-se como um ativo de alta qualidade operacional no setor de bens industriais, com um retorno sobre o patrimônio líquido de 23,8% e um retorno sobre o capital investido de 20,6% que se posicionam significativamente acima das médias setoriais de 14,5% e 12,6%, respectivamente. Essa robusta rentabilidade convive com múltiplos de preço bastante atrativos, uma vez que o preço sobre lucro de 8,15 e o preço sobre valor patrimonial de 1,94 sugerem que o mercado ainda não precifica totalmente a eficiência da companhia, configurando uma relação favorável entre qualidade e preço. No âmbito financeiro, a excelente rentabilidade é acompanhada por um endividamento controlado, visto que a relação entre dívida líquida e EBITDA de 1,28 está bem abaixo da média do setor de 2,4, o que, somado a uma liquidez corrente de 2,98, confere grande segurança ao balanço. Essa sólida estrutura de capital e a margem líquida de 23,53% dão sustentabilidade ao rendimento de dividendos de 5,42%, o qual se mostra coerente com a geração de lucro e a saúde financeira da empresa. Por outro lado, o crescimento da receita nos últimos cinco anos, com uma taxa anual composta de 21,3%, ficou abaixo da média setorial de 26,1%, indicando que a companhia expande em ritmo inferior ao de seus pares diretos. No checklist de critérios fundamentalistas, a MILS3 atende a seis dos oito requisitos avaliados, sendo penalizada justamente pelo crescimento abaixo do setor e por vendas recentes de papéis por parte de pessoas de dentro da empresa. Sob a ótica do valuation, as estimativas de preço-teto revelam uma dispersão acentuada entre os métodos, variando desde os conservadores R$ 6,40 por Bazin e R$ 11,87 por Gordon até os otimistas R$ 25,46 por fluxo de caixa descontado e R$ 35,42 por Lynch. Diante dessa amplitude, a média dos modelos resulta em R$ 20,28 e a mediana em R$ 18,68, enquanto o preço-teto ajustado com margem de segurança fica em R$ 16,81, o que confere um potencial de valorização de 7,4% em relação à cotação atual de R$ 15,66. Em suma, o papel traz como pontos positivos a rentabilidade muito acima dos pares, o endividamento sob controle e múltiplos de avaliação descontados, enquanto os pontos de atenção concentram-se no crescimento histórico inferior à média do setor e na pressão vendedora de insiders.",Pivô de alta,False,False,,,Em Alta,15.8100004196167,-0.9487701974914109,-1.7565855730371283,True,True,True,Pivô de alta
LEVE3,SMALL11,SMALL11,Consumo discricionário,70.5,70.59,70.0,,,0.9,,86.35,57.93,36.62,99.3,11,Não,6,8,False,,True,,True,False,True,False,True,True,7,10,True,True,True,False,False,True,True,True,True,True,True,0.96,True,4320983552.0,6.21,4.49,8.92,19.55,72.29,64.73,34.45,12.31,5.11,1.09,1.37,1.44,0.18,121.4,35.0,6.26,13.84,0.81,77.23,22.71,24.26,35.6,31.4,-10.4,-3.2,0.66,0.46,31.8799991607666,44.51743284822213,82.57983793345204,68.02093218682083,28.637861853509342,154.00965778148117,98.51666666666667,62.11722863853074,25.212321806674844,76.91423112981184,68.02093218682083,61.21883896813875,7,True,6.1,92.02898550724632,141.2617100205793,n/d,2026-04-30,última,,,False,False,,,Lateral,34.0,-6.235296585980588,-11.958022737324004,True,False,False,sem sinal (Lateral)
PETR4,BOVA11,BOVA11,Energia,69.38,74.57,40.0,,,0.9,DY5a=39.1%>=20,87.34,82.29,36.18,,14,Rompimento,7,8,False,,True,,False,False,True,True,True,False,4,10,True,True,True,True,True,True,True,False,True,True,True,0.66,True,605565681664.0,4.17,1.16,6.89,39.11,27.73,30.77,19.69,24.32,2.7,1.29,0.85,0.76,0.28,163.09,96.8,4.49,10.07,0.28,65.87,33.99,27.61,48.52,60.5,-8.7,3.3,0.37,0.25,44.31999969482422,123.81061289421233,229.66868691876385,140.82493907827836,95.58593346023574,318.84891866780015,58.054012500000006,128.60239719601273,60.943032359327276,119.64137348669003,123.81061289421233,111.4295516047911,7,True,5.5,151.42047015357733,169.94894925656325,n/d,2026-08-24,próxima,"A análise fundamentalista da Petrobras (PETR4) revela uma companhia que combina alta eficiência operacional com múltiplos de valuation bastante atrativos, uma vez que seu Retorno sobre o Patrimônio Líquido (ROE) de 27,7% e seu Retorno sobre o Capital Investido (ROIC) de 19,7% situam-se confortavelmente acima das médias do setor de energia, que são de 16,2% e 13,8%, respectivamente. Essa expressiva qualidade técnica convive com um preço descontado, evidenciado pelo baixo Preço sobre Lucro (P/L) de 4,17 e um Preço sobre Valor Patrimonial (P/VP) de 1,16, sugerindo que o mercado precifica o papel com considerável desconto frente à sua capacidade de geração de valor. No âmbito financeiro, a excelente rentabilidade é acompanhada por um endividamento controlado, visto que a relação Dívida Líquida sobre EBITDA de 1,29 está abaixo da média setorial de 1,71, mitigando os riscos de uma liquidez corrente mais apertada de 0,85 e de uma relação Dívida sobre Patrimônio de 0,76. O Dividend Yield de 6,89% mostra-se sustentável e coerente com a robusta margem líquida de 24,32% e com o forte fluxo de lucros, mesmo diante de uma estrutura de capital alavancada dentro dos limites saudáveis. Quanto ao crescimento, a empresa superou largamente seus pares com um impressionante crescimento anual composto (CAGR) de receita nos últimos cinco anos de 96,8%, contra 70,2% do setor, o que se reflete no checklist de critérios, no qual a petroleira atendeu a 7 de 8 requisitos possíveis, falhando apenas na questão das transações de insiders. Sob a ótica do valuation, as estimativas de preço-teto revelam uma dispersão acentuada entre os métodos, variando desde os conservadores R$ 95,59 de Graham até os otimistas R$ 318,85 de Lynch, estabelecendo uma média de R$ 119,64 e uma mediana de R$ 123,81. Tomando como referência o preço-teto ajustado com margem de segurança de R$ 111,43, o papel apresenta um expressivo potencial de valorização (upside) de 151,4% em relação à cotação atual de R$ 44,32, em um momento técnico caracterizado por tendência de alta e sinal gráfico de rompimento. Como balanço final, os prós concentram-se no forte crescimento histórico, na rentabilidade muito acima da média setorial, no endividamento sob controle e no elevado desconto patrimonial, enquanto os contras residem na baixa liquidez de curto prazo, na falta de alinhamento nas negociações de insiders e na volatilidade implícita pela grande dispersão entre as metodologias de preço-teto.",Rompimento,False,False,,,Em Alta,43.11000061035156,2.8067712070087847,-9.841607186806467,True,True,True,"Rompimento (vol x1.1, +2.8% do topo, MM50>MM200)"
PLPL3,SMALL11,SMALL11,Consumo discricionário,69.1,72.47,50.0,,,0.9,,79.63,81.32,51.47,60.14,15,Não,5,8,False,,True,,False,False,True,False,False,True,5,10,True,True,True,False,False,True,True,False,True,True,True,0.43,True,1366525056.0,4.6,1.26,7.15,6.32,27.32,38.02,24.26,9.85,1.91,0.9,2.87,1.28,0.31,29.08,-37.9,2.65,8.79,1.2,73.04,24.14,6.46,17.36,4.2,-61.2,-28.5,1.36,0.48,6.730000019073486,3.038644527862384,5.636685599184722,19.385326141896456,13.259957622552902,31.193700799168628,10.95072400487419,17.70282613712809,22.502741025162933,,,,6,False,10.3,,,n/d,2025-12-30,última,,,False,False,,,Em Baixa,7.5,-10.26666641235352,-61.27874311731559,True,False,False,sem sinal (Em Baixa; sem novo topo (-10.3%))
CXSE3,BOVA11,BOVA11,Insurance,68.97,65.7,87.5,,1.6,0.3,,64.66,33.98,100.0,81.12,16,Não,4,6,False,,True,,True,True,True,,True,True,7,8,True,False,False,,True,,True,True,True,True,True,,True,54540001280.0,11.97,3.93,7.49,9.63,32.79,28.44,-1.21,75.43,,,,,0.94,115.24,12.8,10.58,20.76,,8.23,91.77,12.48,22.04,45.6,-17.5,-2.4,0.68,0.53,18.18000030517578,12.501443494821576,23.19017768289402,20.12406048818539,12.57308335680574,34.06217316906868,22.898448930232796,16.277164612654104,,19.678532649033443,21.51125470920909,19.36012923828818,4,True,1.9,6.4913581589788105,8.242752028068079,2026-11-09,2026-11-04,próxima,,,False,False,,,Em Baixa,19.97153663635254,-8.970448112218731,-17.676560608091428,True,False,False,sem sinal (Em Baixa; sem novo topo (-9.0%))
PETR3,BOVA11,BOVA11,Energia,68.39,73.4,40.0,,,0.9,DY5a=37.2%>=20,87.34,78.08,36.18,,17,Rompimento,7,8,False,,True,,False,False,True,True,True,False,4,10,True,True,True,True,True,True,True,False,True,True,True,0.7,True,636832251904.0,4.65,1.29,6.17,37.2,27.73,30.77,19.69,24.32,2.9,1.29,0.85,0.76,0.31,172.99,96.8,3.34,10.07,0.28,65.87,33.99,29.5,53.92,67.5,-8.4,3.4,0.41,0.25,49.40999984741211,131.29436022261714,243.55103821295478,140.79193504907747,95.69401577224353,318.77419256394904,58.274122500000004,128.57225766745947,59.51820629274746,147.05876603513113,129.9333089450383,116.93997805053448,8,True,5.5,136.67269461985092,197.62956180788868,2026-08-06,2026-08-24,próxima,"A análise fundamentalista da PETR3 revela uma companhia que combina alta qualidade operacional com múltiplos de valuation bastante descontados, uma vez que seu excelente Retorno sobre o Patrimônio Líquido de 27,7% e o Retorno sobre o Capital Investido de 19,7% — ambos confortavelmente acima das médias setoriais de 16,2% e 13,8%, respectivamente — convivem com um Preço/Lucro de apenas 4,65 e um Preço/Valor Patrimonial de 1,29. Essa forte rentabilidade, traduzida em uma robusta margem líquida de 24,32%, é suportada por um endividamento sob controle, evidenciado pela relação Dívida Líquida/EBITDA de 1,29, que se posiciona abaixo da média do setor de 1,71, mitigando os riscos de uma liquidez corrente mais apertada de 0,85. O dividendo atual de 6,17% mostra-se sustentável e coerente com a geração de lucro e a estrutura de capital da empresa, embora o indicador de segurança de 36,0 demande atenção do investidor. No quesito crescimento, a empresa superou largamente seus pares com um impressionante crescimento anual composto de receita nos últimos cinco anos de 96,8%, contra 70,2% do setor, o que valida o checklist de critérios no qual a ação atendeu a 7 de 8 requisitos, falhando apenas na venda de ações por parte de insiders. Sob a ótica do valuation, as estimativas de preço-teto apresentam uma dispersão relevante entre os métodos, variando desde os conservadores R$ 95,69 de Graham e R$ 131,29 de Bazin até os otimistas R$ 243,55 de Gordon e R$ 318,77 de Lynch. Tomando como referência a média de R$ 147,06 e a mediana de R$ 129,93, o preço-teto ajustado com margem de segurança fica em R$ 116,94, o que aponta para um expressivo potencial de valorização de 136,7% frente ao preço atual de R$ 49,41, em um momento de tendência gráfica de alta e sinal de rompimento. Como principais prós, destacam-se a eficiência operacional acima da média, o forte crescimento histórico, o endividamento controlado e o elevado desconto patrimonial; em contrapartida, os contras residem no baixo score de segurança, na liquidez de curto prazo pressionada e nas transações recentes de insiders.",Rompimento,False,False,,,Em Alta,48.619998931884766,1.6248476612147122,-9.526695996496137,True,True,True,"Rompimento (vol x0.9, +1.6% do topo, MM50>MM200)"
VLID3,SMALL11,SMALL11,Bens Industriais,68.29,67.99,70.0,,,0.7,,64.61,73.22,66.71,72.73,18,Não,4,8,False,,True,,False,False,True,True,False,True,7,10,True,False,True,False,False,True,True,False,True,True,True,0.1,True,1331798528.0,6.05,0.8,11.15,8.58,13.18,13.73,15.68,11.15,3.16,0.46,2.3,0.41,0.95,51.91,-32.9,9.79,7.53,1.13,45.32,54.23,16.3,22.63,4.5,-24.7,-5.1,0.95,0.52,17.030000686645508,10.436757107642809,19.36018443467741,37.29710894182694,36.71835731183949,41.993336868777014,34.55208472290882,18.73481469790598,30.66787692662945,31.331966272080734,34.55208472290882,31.096876250617942,7,True,4.0,82.60055782031365,83.98100416196968,2026-11-04,2026-08-13,última,,,False,False,,,Em Baixa,18.46053695678711,-7.749158507632991,-25.411169510267882,True,False,False,sem sinal (Em Baixa; sem novo topo (-7.7%))
LAVV3,SMALL11,SMALL11,Imobiliário,67.44,65.22,80.0,,,0.8,,67.43,57.75,55.0,94.41,19,Não,5,8,False,,True,,True,False,True,True,False,True,8,10,True,True,False,True,False,True,True,False,True,True,True,0.37,True,1876169856.0,5.16,1.28,25.49,14.02,24.9,19.67,8.69,19.91,6.66,1.5,4.12,0.86,0.75,72.32,-30.3,2.74,4.85,1.47,60.31,33.37,9.22,18.94,4.1,-49.3,-18.2,1.46,0.71,9.600000381469727,9.610683529639857,17.827817947481936,24.65116377024687,17.718733400637728,38.89823840047278,24.43662403819156,13.030108149280249,9.600000381469727,19.47167120217759,17.773275674059832,15.995948106653849,8,True,4.1,66.62445282325005,102.82990029628043,n/d,2026-02-03,última,,,False,False,,,Em Baixa,10.569999694824219,-9.176909568213787,-49.420439341387876,True,False,False,sem sinal (Em Baixa; sem novo topo (-9.2%))
TGMA3,SMALL11,SMALL11,Bens Industriais,67.11,66.6,70.0,,,0.7,,79.41,33.95,70.28,83.22,20,Fundo duplo,6,8,False,,True,,False,False,True,True,True,True,7,10,True,True,True,False,False,True,True,True,True,True,True,0.03,True,2228696576.0,8.85,2.26,10.65,10.07,25.55,24.91,27.01,10.14,6.11,0.07,2.22,0.23,3.18,89.1,23.5,6.65,14.79,1.33,34.75,65.25,26.65,39.14,26.8,-13.6,10.5,0.89,0.49,33.79999923706055,24.305329333749953,31.189358425124762,35.00663088284869,35.84941677272182,49.089734281582786,48.6697932291445,16.891137234848568,29.404124601915065,33.80069059524202,33.097994653986724,29.788195188588052,8,True,2.9,-11.869243014874653,0.0020454384528800773,n/d,2026-08-07,última,"A Tegma (TGMA3) apresenta-se como uma operação de alta eficiência no setor de bens industriais, destacando-se por um retorno sobre o patrimônio líquido (ROE) de 25,6% e um retorno sobre o capital investido (ROIC) de 27,0%, ambos significativamente acima das médias setoriais de 14,5% e 12,6%, respectivamente. Essa expressiva qualidade operacional convive com múltiplos de valuation mistos, uma vez que o indicador preço sobre lucro (P/L) de 8,85 sugere um patamar atrativo, enquanto o preço sobre valor patrimonial (P/VP) de 2,26 indica um prêmio em relação aos ativos tangíveis da companhia. A excelente rentabilidade é suportada por uma estrutura de capital extremamente robusta e desalavancada, evidenciada pela relação dívida líquida sobre EBITDA de apenas 0,07, patamar muito abaixo da média dos pares de 2,4, o que confere ampla segurança financeira e liquidez corrente confortável de 2,22. Esse endividamento mínimo, somado à forte geração de caixa, confere sustentabilidade ao robusto dividendo distribuído, cujo rendimento (dividend yield) de 10,65% mostra-se plenamente coerente com a capacidade de geração de lucro da empresa. Por outro lado, o crescimento da receita nos últimos cinco anos, com taxa anual composta (CAGR) de 23,5%, ficou ligeiramente abaixo da média setorial de 26,1%, o que se reflete em um índice preço/lucro ao crescimento (PEG) de 3,18, sinalizando que a expansão recente já está precificada. No checklist de critérios fundamentalistas, a empresa atende a 6 dos 8 requisitos avaliados, falhando apenas na margem líquida, que se situa em 10,14% (abaixo do sarrafo de 15%), e no próprio crescimento inferior ao dos pares. Sob a ótica de valuation, as estimativas de preço-teto revelam uma dispersão relevante entre os métodos, variando desde os conservadores R$ 24,31 por Bazin até os otimistas R$ 49,09 por Lynch, resultando em uma média de R$ 33,80 e mediana de R$ 33,10. Frente ao preço atual de R$ 33,80, o preço-teto ajustado com margem de segurança de R$ 29,79 aponta para um potencial de valorização (upside) negativo de -11,9%, sugerindo que o papel negocia esticado em relação às métricas de proteção. Em suma, os principais pontos positivos residem na rentabilidade excepcional, no endividamento quase nulo e no forte retorno via dividendos, enquanto os pontos negativos concentram-se no crescimento abaixo da média do setor, na margem líquida pressionada e na ausência de margem de segurança nos preços atuais.",Fundo duplo,False,False,,,Em Alta,34.06999969482422,-0.7924874088117151,-14.508521811288889,True,True,True,Fundo duplo — rompeu pescoço ~R$31.25 (candidato)
DIRR3,BOVA11+SMALL11,BOVA11,Consumo discricionário,66.84,66.28,70.0,,,0.9,,72.59,54.32,54.73,90.91,21,Não,5,8,False,,True,,False,False,True,False,True,True,7,10,True,True,False,True,False,True,True,False,True,True,True,0.54,True,3406527488.0,6.39,2.35,14.75,12.12,36.78,26.14,9.99,17.73,4.71,0.6,4.18,1.16,0.77,77.45,8.6,4.53,5.44,1.01,82.45,14.5,10.3,16.95,1.1,-38.6,-19.3,1.46,0.64,10.40999984741211,9.012263429740578,16.71774866216877,21.585680434774716,12.742587427477144,33.25782191192809,25.5990617571356,12.845707372017815,9.296785833616047,17.632207103607346,14.781728017093293,13.303555215383964,8,True,3.7,27.795921329347408,69.37759233484189,n/d,2025-12-17,última,,,False,False,,,Em Baixa,11.8100004196167,-11.854365135154055,-39.67971309214617,True,False,False,sem sinal (Em Baixa; sem novo topo (-11.9%))
LREN3,BOVA11+SMALL11,BOVA11,Consumo discricionário,66.52,65.91,70.0,,,0.9,,69.79,73.33,56.72,48.25,22,Não,6,8,False,,True,,False,False,True,True,True,True,7,10,True,True,True,False,False,True,True,True,True,True,True,0.13,True,10089623552.0,7.23,1.04,8.49,4.36,14.41,11.89,23.53,9.35,1.94,0.59,1.69,0.32,0.73,31.53,3.2,6.13,6.22,1.29,46.72,53.28,10.5,16.05,0.0,-34.6,-25.1,1.43,0.65,10.5,3.2711471492628736,6.06797796188263,19.242738589211616,18.163299316707445,20.66234515320436,15.933301035811033,12.885948619228296,28.61124529062386,,,,6,False,8.7,,,2026-11-05,2026-06-24,última,,,False,False,,,Em Baixa,13.850000381469727,-24.18772771986186,-36.40913420011047,True,False,False,sem sinal (Em Baixa; sem novo topo (-24.2%))
MULT3,BOVA11+SMALL11,BOVA11,Imobiliário,63.46,62.31,70.0,,,0.8,,87.22,41.25,44.14,39.16,27,Não,7,8,False,,True,,False,False,True,True,True,True,7,10,True,True,True,True,True,True,True,False,True,True,True,0.74,True,12939077632.0,9.81,2.01,4.24,3.71,20.52,17.07,18.7,43.42,7.36,2.13,1.64,0.75,0.75,36.38,62.0,9.95,10.89,0.29,52.11,47.88,25.11,35.12,4.9,-25.0,-11.2,1.24,0.79,26.350000381469727,6.979106765764375,12.946243050492914,35.58995974051721,28.147469193994247,45.02784334207459,26.523868859859412,29.21820096664782,22.824354256427306,28.611134201430502,28.147469193994247,25.332722274594822,7,True,6.5,-3.860637920864285,8.58115289269934,2026-10-29,2026-07-01,última,,,False,False,,,Em Baixa,29.06999969482422,-9.356722882383705,-25.30790081446228,True,False,False,sem sinal (Em Baixa; sem novo topo (-9.4%))
VIVA3,BOVA11+SMALL11,BOVA11,Consumo discricionário,62.84,63.34,60.0,,,0.9,,77.03,55.14,66.07,16.78,28,Não,6,8,False,,True,,False,False,True,True,True,True,6,10,True,True,True,True,False,True,True,False,True,True,True,0.28,True,5006025728.0,8.37,1.54,3.36,1.97,18.4,21.98,17.32,18.56,5.54,1.1,4.19,0.4,0.56,16.49,0.4,6.67,10.38,1.73,37.54,62.46,20.42,35.35,4.3,-39.8,-8.6,1.14,0.52,21.290000915527344,2.9968066525879733,5.55907634055069,33.70280909566753,28.1283236017606,43.166703329646566,10.853405399094557,30.777659626986964,15.197543532567227,,,,6,False,14.4,,,n/d,2025-12-22,última,,,False,False,,,Em Baixa,22.84000015258789,-6.7863363691130445,-40.68232645562031,True,False,False,sem sinal (Em Baixa; sem novo topo (-6.8%))
TOTS3,BOVA11+SMALL11+Wishlist,BOVA11,Tecnologia de informação,61.55,58.29,80.0,,,0.5,,86.79,31.53,49.78,13.99,30,Fundo duplo,6,8,False,,True,,False,False,True,True,True,True,8,10,True,True,True,True,True,False,True,False,True,True,True,0.55,True,17935271936.0,13.02,3.4,2.19,1.39,26.12,14.98,23.37,21.63,7.51,2.09,1.84,0.92,0.87,18.08,269.5,14.79,7.39,1.0,42.41,54.01,27.05,47.43,15.7,-34.0,0.1,0.9,0.41,31.290000915527344,3.1032734200562233,5.756572194204294,31.84274286718412,22.30755047193498,39.3852412913746,10.59424454785779,29.079033108900223,22.378156105660388,,,,6,False,12.7,,,2026-11-04,2026-06-16,última,"A TOTVS (TOTS3) apresenta-se como uma operação de alta eficiência operacional no setor de tecnologia da informação, o que fica evidente pelo retorno sobre o patrimônio líquido (ROE) de 26,1% e pelo retorno sobre o capital investido (ROIC) de 23,4%, ambos significativamente acima da média de seus pares setoriais, que registram 9,1% e 13,4%, respectivamente. Essa expressiva qualidade de rentabilidade, contudo, convive com múltiplos de preço que exigem cautela, uma vez que o indicador preço sobre lucro (P/L) de 13,02 e a relação preço sobre valor patrimonial (P/VP) de 3,40 sugerem que o mercado já precifica parte relevante dessa eficiência, embora o índice preço/lucro ao crescimento (PEG) de 0,87 aponte para uma avaliação ainda atrativa frente ao ritmo de expansão. No âmbito do endividamento, a relação dívida líquida sobre EBITDA de 2,09 situa-se acima da média do setor de 1,16, mas a sólida liquidez corrente de 1,84 e a margem líquida de 21,63% garantem que a alavancagem financeira permaneça sob controle, sem ameaçar a solvência da companhia. Essa estrutura de capital mais demandante e o foco no reinvestimento explicam o modesto rendimento de dividendos (DY) de 2,19%, indicando que a geração de caixa é direcionada prioritariamente para sustentar a forte expansão em detrimento de proventos imediatos. O histórico de crescimento é um dos grandes destaques do ativo, com uma taxa de crescimento anual composta (CAGR) da receita nos últimos cinco anos de impressionantes 269,5%, superando com folga a média setorial de 85,6%. No checklist de critérios fundamentalistas, a empresa demonstra robustez ao atender 6 dos 8 requisitos avaliados, falhando apenas no patamar de endividamento superior aos pares e na ocorrência de venda de ações por pessoas de dentro da companhia. Sob a ótica do valor justo, as estimativas de preço-teto revelam uma enorme dispersão entre as metodologias, variando desde patamares muito baixos nos modelos focados em dividendos, como Bazin a R$ 3,10 e Gordon a R$ 5,76, até avaliações mais generosas em modelos de fluxo de caixa descontado (DCF) a R$ 31,84 e Lynch a R$ 39,39, situando a cotação atual de R$ 31,29 próxima ao limite de valor justo pelo fluxo descontado. Em suma, o investimento em TOTS3 coloca em balanço, como pontos positivos, a rentabilidade excepcional, as margens saudáveis e o crescimento histórico formidável, enquanto os pontos negativos residem no endividamento acima da média dos pares, no baixo retorno em dividendos e no valuation esticado que deixa pouca margem de segurança nos modelos tradicionais.",Fundo duplo,True,False,,,Lateral,32.5099983215332,-3.7526836942276542,-34.38018590402131,True,True,True,Fundo duplo — rompeu pescoço ~R$30.00 (candidato)
ITSA4,BOVA11,BOVA11,Financial Services,60.91,59.89,66.66666666666667,,,0.4,,61.32,49.38,,79.72,33,Não,5,6,False,,True,,False,False,True,,True,True,6,9,True,True,True,,True,,True,False,True,True,True,,True,136617598976.0,7.64,1.48,9.1,9.4,19.36,17.48,0.38,214.29,,,,,1.4,71.81,28.4,6.42,0.38,0.64,16.02,79.82,9.45,14.81,29.0,-17.7,-8.6,1.23,0.87,12.1899995803833,8.183771040987851,14.144995114490294,19.69843064324364,17.195603113404065,23.704987919466035,17.43614393324665,9.736341995682242,,14.865835182992111,15.790569523868474,14.211512571481627,4,True,2.4,16.583372113904215,21.95107214699896,n/d,2026-09-01,próxima,,,False,False,,,Em Baixa,13.880000114440918,-12.175796254492244,-19.004935420899727,True,False,False,sem sinal (Em Baixa; sem novo topo (-12.2%))
BBDC3,BOVA11,BOVA11,Produtos financeiros,60.83,60.54,62.5,15.65,,0.4,,50.46,68.53,66.43,74.13,34,Não,3,6,False,,True,,False,False,True,,True,True,5,8,True,False,False,,True,,True,False,True,True,True,,True,151721033728.0,6.05,0.85,10.0,8.7,14.13,11.35,0.0,26.07,,,,,0.9,52.64,17.8,,1.07,,92.32,7.66,12.38,17.96,12.5,-22.4,-11.1,1.14,0.83,13.930000305175781,8.656621710511315,16.05803327299849,30.507851908029604,29.137697805553664,35.441356594959444,25.60816679345592,15.836883610321381,,20.207668421248833,20.833100033227204,18.749790029904485,4,True,3.5,34.60006905339319,45.0658146341931,2026-11-04,2026-09-02,próxima,,,False,False,,,Em Baixa,16.13422966003418,-13.661819630090289,-23.42031995219518,True,False,False,sem sinal (Em Baixa; sem novo topo (-13.7%))
BBSE3,BOVA11,BOVA11,Insurance,60.68,58.15,75.0,,1.3,0.3,,68.14,24.52,61.0,91.61,35,Não,5,6,False,,True,,True,False,True,,False,True,6,8,True,True,False,,True,,True,True,True,True,True,,True,70952632320.0,7.75,6.54,12.7,12.83,84.38,83.67,0.0,87.93,,,,,16.78,99.45,-0.1,8.3,28.81,,55.04,44.96,28.02,40.52,30.4,-9.8,3.2,0.52,0.49,36.54999923706055,33.50221883455208,34.805395486398474,34.99698536319921,24.352239474621737,62.69868514843038,59.77903591169427,13.968174545365896,,40.77090889896101,34.90119042479884,31.41107138231896,4,True,1.8,-14.059994424106248,11.548316689485993,2026-11-03,2026-08-07,última,,,False,False,,,Em Baixa,40.03296661376953,-8.700247998885501,-10.341261594462935,True,False,False,sem sinal (Em Baixa; sem novo topo (-8.7%))
ITUB4,BOVA11,BOVA11,Produtos financeiros,60.17,57.55,75.0,15.95,,0.4,,58.96,40.65,70.71,67.13,36,Não,4,6,False,,True,,False,False,True,,True,True,6,8,True,True,False,,True,,True,False,True,True,True,,True,413430415360.0,9.08,2.04,8.11,7.15,22.45,19.06,0.0,32.58,,,,,1.15,64.95,8.1,7.36,1.58,,92.99,6.67,32.62,48.43,15.0,-22.5,-9.7,1.18,0.85,37.5099983215332,19.165234002774493,35.55150907514668,54.736506361268155,41.34093509919737,62.05582133074048,45.34105539226062,31.468104591685115,,38.69857620786249,40.446282233703656,36.40165401033329,4,True,2.9,-2.954797016249533,3.1686961863897523,n/d,2026-09-01,próxima,,,False,False,,,Em Baixa,43.16999816894531,-13.110956885524438,-23.008502011527444,True,False,False,sem sinal (Em Baixa; sem novo topo (-13.1%))
ABEV3,BOVA11,BOVA11,Bens de primeira necessidade,60.04,60.05,60.0,,,0.0,,81.47,19.22,66.34,53.15,37,Não,7,8,False,,True,,False,False,True,True,True,True,6,10,True,True,True,True,True,True,True,False,True,True,True,-0.17,True,229757960192.0,14.09,2.59,5.34,5.43,18.4,17.07,20.62,18.41,7.95,-0.57,1.02,0.03,3.26,76.53,24.6,13.42,10.3,0.81,38.81,60.59,11.06,16.9,34.7,-11.8,-5.4,0.65,0.44,14.899999618530273,5.780465613136006,8.72035536144134,11.395111777723379,11.699630278118324,10.310834389281387,14.972367795784242,5.695871437648049,10.61780755495482,9.899055526010944,10.464320972118104,9.417888874906295,8,True,2.6,-36.792690496489634,-33.563384030560265,2026-10-29,2026-09-22,próxima,,,False,False,,,Em Baixa,15.960000038146973,-6.641606623327867,-12.315213160566474,True,False,False,sem sinal (Em Baixa; sem novo topo (-6.6%))
BBDC4,BOVA11,BOVA11,Produtos financeiros,58.96,58.33,62.5,15.65,,0.4,,50.46,60.81,66.43,71.33,42,Não,3,6,False,,True,,False,False,True,,True,True,5,8,True,False,False,,True,,True,False,True,True,True,,True,171543871488.0,6.85,0.97,9.71,8.33,14.13,11.35,0.0,26.07,,,,,1.13,57.06,17.8,5.24,1.07,,92.32,7.66,14.51,20.89,8.6,-24.6,-12.6,1.21,0.81,15.75,9.370716819670658,17.38267970048907,30.46532846715328,28.982821647242424,33.10336411512155,28.028063078082845,14.911871498186674,,21.311697016348965,22.705371389285958,20.434834250357362,4,True,3.3,29.74497936734832,35.31236200856487,n/d,2026-09-02,próxima,,,False,False,,,Em Baixa,18.49909782409668,-14.860712939826403,-25.84388005969096,True,False,False,sem sinal (Em Baixa; sem novo topo (-14.9%))
ISAE4,BOVA11,BOVA11,Serviços públicos,58.53,58.27,60.0,,,0.1,,59.13,47.96,60.22,76.22,44,Não,5,8,False,,True,,False,False,True,True,True,True,6,10,False,True,False,True,True,False,True,True,True,True,True,0.67,True,17994176512.0,6.37,0.81,6.79,8.95,12.71,14.91,9.63,26.39,7.29,3.41,5.28,0.79,1.17,57.03,220.0,8.59,6.2,0.28,54.58,44.81,20.47,31.63,24.6,-19.4,-9.5,0.97,0.68,25.5,16.30577417687717,28.197649748340158,49.44748424750529,53.249951172212484,57.70227756094897,43.17971436186093,24.438074594811486,28.850893179194543,37.67147738021888,36.01530377052774,32.41377339347496,8,True,3.5,27.112836837156706,47.73128384399561,n/d,2026-04-20,última,,,False,False,,,Em Baixa,26.84000015258789,-4.992548975297561,-20.42043866493436,True,False,False,sem sinal (Em Baixa; sem novo topo (-5.0%))
